-- MySQL dump 10.13  Distrib 5.7.16, for Linux (x86_64)
--
-- Host: mysql.projekty-nuorder.pl    Database: poradnik_oko
-- ------------------------------------------------------
-- Server version	5.1.66-0+squeeze1-log

/*!40101 SET @OLD_CHARACTER_SET_CLIENT=@@CHARACTER_SET_CLIENT */;
/*!40101 SET @OLD_CHARACTER_SET_RESULTS=@@CHARACTER_SET_RESULTS */;
/*!40101 SET @OLD_COLLATION_CONNECTION=@@COLLATION_CONNECTION */;
/*!40101 SET NAMES utf8 */;
/*!40103 SET @OLD_TIME_ZONE=@@TIME_ZONE */;
/*!40103 SET TIME_ZONE='+00:00' */;
/*!40014 SET @OLD_UNIQUE_CHECKS=@@UNIQUE_CHECKS, UNIQUE_CHECKS=0 */;
/*!40014 SET @OLD_FOREIGN_KEY_CHECKS=@@FOREIGN_KEY_CHECKS, FOREIGN_KEY_CHECKS=0 */;
/*!40101 SET @OLD_SQL_MODE=@@SQL_MODE, SQL_MODE='NO_AUTO_VALUE_ON_ZERO' */;
/*!40111 SET @OLD_SQL_NOTES=@@SQL_NOTES, SQL_NOTES=0 */;

--
-- Table structure for table `advertice`
--

DROP TABLE IF EXISTS `advertice`;
/*!40101 SET @saved_cs_client     = @@character_set_client */;
/*!40101 SET character_set_client = utf8 */;
CREATE TABLE `advertice` (
  `id` int(11) NOT NULL AUTO_INCREMENT,
  `path` varchar(255) COLLATE utf8_unicode_ci NOT NULL,
  `name` varchar(255) COLLATE utf8_unicode_ci NOT NULL,
  `orginName` varchar(255) COLLATE utf8_unicode_ci NOT NULL,
  `alt` varchar(255) COLLATE utf8_unicode_ci DEFAULT NULL,
  `link` longtext COLLATE utf8_unicode_ci,
  PRIMARY KEY (`id`)
) ENGINE=InnoDB AUTO_INCREMENT=5 DEFAULT CHARSET=utf8 COLLATE=utf8_unicode_ci;
/*!40101 SET character_set_client = @saved_cs_client */;

--
-- Dumping data for table `advertice`
--

LOCK TABLES `advertice` WRITE;
/*!40000 ALTER TABLE `advertice` DISABLE KEYS */;
INSERT INTO `advertice` VALUES (1,'79e88c801c91d15eb55e34d65cf1f5774a75c6485967c3785479e53b3252f5e4.jpg','Reklama','79e88c801c91d15eb55e34d65cf1f5774a75c6485967c3785479e53b3252f5e4.jpg','Reklama',NULL),(2,'ced103e95ab021ed5d346dc0bceae850b793c25c0b58ef8e9d6da182f32b019f.jpg','Reklama','Dicortineff_baner_930x200.jpg','Reklama','produkty-dicortineff.html'),(3,'8588375a0feb61c87850e1161b73339d4ee1a09039df9de70c54ba9195e7c141.jpg','Reklama','Oflodinex_baner_930x200.jpg','Reklama','produkty-oflodinex.html'),(4,'a61c8a83ee1ba4de6be3dabf5d3b5872a497714466ab7caf2eb29dfd293c05b8.jpg','Reklama','Tobrosopt-Dex_baner_930x2002.jpg','Reklama',NULL);
/*!40000 ALTER TABLE `advertice` ENABLE KEYS */;
UNLOCK TABLES;

--
-- Table structure for table `disease`
--

DROP TABLE IF EXISTS `disease`;
/*!40101 SET @saved_cs_client     = @@character_set_client */;
/*!40101 SET character_set_client = utf8 */;
CREATE TABLE `disease` (
  `id` int(11) NOT NULL AUTO_INCREMENT,
  `category_id` int(11) DEFAULT NULL,
  `patient_id` int(11) DEFAULT NULL,
  `name` varchar(255) COLLATE utf8_unicode_ci NOT NULL,
  `type` varchar(1) COLLATE utf8_unicode_ci NOT NULL,
  `symptoms` longtext COLLATE utf8_unicode_ci,
  `recommendation` longtext COLLATE utf8_unicode_ci,
  `comments` longtext COLLATE utf8_unicode_ci,
  `picture1` varchar(255) COLLATE utf8_unicode_ci DEFAULT NULL,
  `picture2` varchar(255) COLLATE utf8_unicode_ci DEFAULT NULL,
  `picture3` varchar(255) COLLATE utf8_unicode_ci DEFAULT NULL,
  `inFooter` tinyint(1) DEFAULT NULL,
  `positionInFooter` int(11) DEFAULT NULL,
  `disease_id` int(11) DEFAULT NULL,
  `symptomsSearch` longtext COLLATE utf8_unicode_ci,
  `picture1Desc` varchar(255) COLLATE utf8_unicode_ci DEFAULT NULL,
  `picture2Desc` varchar(255) COLLATE utf8_unicode_ci DEFAULT NULL,
  `picture3Desc` varchar(255) COLLATE utf8_unicode_ci DEFAULT NULL,
  PRIMARY KEY (`id`),
  UNIQUE KEY `UNIQ_F3B6AC1D8355341` (`disease_id`),
  KEY `IDX_F3B6AC112469DE2` (`category_id`),
  KEY `IDX_F3B6AC16B899279` (`patient_id`),
  CONSTRAINT `FK_F3B6AC112469DE2` FOREIGN KEY (`category_id`) REFERENCES `disease_category` (`id`),
  CONSTRAINT `FK_F3B6AC16B899279` FOREIGN KEY (`patient_id`) REFERENCES `patient_category` (`id`),
  CONSTRAINT `FK_F3B6AC1D8355341` FOREIGN KEY (`disease_id`) REFERENCES `disease` (`id`)
) ENGINE=InnoDB AUTO_INCREMENT=75 DEFAULT CHARSET=utf8 COLLATE=utf8_unicode_ci;
/*!40101 SET character_set_client = @saved_cs_client */;

--
-- Dumping data for table `disease`
--

LOCK TABLES `disease` WRITE;
/*!40000 ALTER TABLE `disease` DISABLE KEYS */;
INSERT INTO `disease` VALUES (1,1,2,'Perforujące gałkę oczną','A','wywiad w kierunku urazu, silny ból gałki ocznej, pogorszenie ostrości wzroku, uszkodzenie struktur gałki ocznej widoczne w świetle rozproszonym','ocena ostrości wzroku do dali, trzeba zasłonić gałkę oczną jałowym opatrunkiem, pacjenta należy pilnie odesłać na ostry dyżur okulistyczny','Nie można uciskać gałki ocznej','assets/images/diseases/perforujace-galke-oczna.jpg','','',0,NULL,42,'ból gałki,\nból gałek ocznych,\npogorszenie ostrości wzroku,\nuszkodzenie struktur gałki ocznej','Uraz perforujący',NULL,NULL),(2,1,2,'Oparzenia chemiczne i termiczne','A','wywiad w kierunku oparzenia (rodzaj substancji –kwas czy zasada, temperatura, światło UV np. spawacze i użytkownicy solarium), silny ból gałki ocznej, pogorszenie ostrości wzroku, światłowstręt, łzawienie','ocena ostrości wzroku do dali, płukanie worka spojówkowego solą fizjologiczną, w przypadku oparzenia kwasem lub zasadą płukanie worka spojówkowego minimum 500 ml 0,9% NaCl, pacjenta należy pilnie odesłać na ostry dyżur okulistyczny','Nie można zakładać opatrunku na chorą gałkę oczną','assets/images/diseases/oparzenie-chemiczne.jpg',NULL,NULL,1,1,43,'ból gałki,\nból gałek ocznych,\npogorszenie ostrości wzroku,\nświatłowstręt,\nłzawienie','Oparzenie chemiczne',NULL,NULL),(3,1,2,'Ciało obce powierzchni oka','A','wywiad w kierunku urazu, zwłaszcza powstałego wskutek spawania, szlifowania, kucia metalu i rąbania drewna, uczucie ciała obcego, silny ból i przekrwienie gałki ocznej, światłowstręt, łzawienie','należy odwinąć powiekę górną i podać do worka spojówkowego 1–2 krople środka znieczulającego oraz fluoresceiny, ocena barwienia rogówki w świetle rozproszonym lub z zastosowaniem filtra kobaltowego (niebieskiego), jeśli na powierzchni gałki ocznej lub pod powieką górną jest widoczne poruszające się podczas mrugnięć ciało obce –należy worek spojówkowy wypłukać solą fizjologiczną, ew. usunąć ciało obce jałowym gazikiem, jeśli na powierzchni gałki ocznej jest widoczne nieporuszające się podczas mrugnięć ciało obce –należy worek spojówkowy wypłukać solą fizjologiczną, unikać jakichkolwiek manipulacji i odesłać pacjenta na ostry dyżur okulistyczny, w każdym przypadku do worka spojówkowego trzeba podać kroplę antybiotyku',NULL,'assets/images/diseases/cialo-obce-rogowki.jpg',NULL,NULL,0,NULL,45,'ból gałki,\nból gałek ocznych,\nprzekrwienie gałki ocznej,\nświatłowstręt,\nłzawienie','Cialo obce rogowki',NULL,NULL),(4,1,2,'Ciało obce wewnątrzgałkowe','A','wywiad w kierunku urazu – zwłaszcza powstałego wskutek spawania, szlifowania, kucia metalu i rąbania drewna, silny ból gałki ocznej, możliwe są: znaczne pogorszenie ostrości wzroku i wylew podspojówkowy','ocena ostrości wzroku do dali, RTG oczodołów, trzeba zasłonić gałkę oczną jałowym opatrunkiem, pacjenta należy pilnie odesłać na ostry dyżur okulistyczny','Nie można uciskać gałki ocznej','assets/images/diseases/cialo-obce-w-komorze-przedniej.jpg','assets/images/diseases/cialo-obce-wbite-w-galke-oczna.jpg',NULL,0,NULL,44,'ból gałki,\nból gałek ocznych,\npogorszenie ostrości wzroku,\nwylew podspojówkowy','Ciało obce w komorze przedniej','Ciało obce (drut) wbite w gałkę oczną',NULL),(5,1,2,'Uraz tępy','A','wywiad w kierunku urazu (np. uderzenie pięścią czy aktywność sportowa), może dojść do: pogorszenia ostrości wzroku, powstania krwiaka okularowego i wylewu podspojówkowego, zaburzeń ruchomości gałki ocznej, dwojenia, zaburzeń ruchomości źrenicy (szeroka źrenica)','ocena ostrości wzroku do dali, RTG oczodołów, badanie gałki ocznej w świetle rozproszonym – w tym ocena szerokości źrenicy i jej reakcji na światło, pacjenta należy pilnie odesłać na ostry dyżur okulistyczny',NULL,'assets/images/diseases/uraz-tepy-krew-w-komorze-przedniej.jpg',NULL,NULL,0,NULL,46,'pogorszenie ostrości wzroku, \nwylew podspojówkowy,\nzaburzeń ruchomości gałki ocznej, \ndwojenie,\nzaburzeń ruchomości źrenicy','Uraz tępy, krew w komorze przedniej',NULL,NULL),(6,1,2,'Urazy powiek','A','Wywiad w kierunku urazu, widoczna rana/wylew krwi w obrębie powieki','worek spojówkowy należy wypłukać solą fizjologiczną i podać maść zawierającą antybiotyk, gałkę oczną trzeba zasłonić jałowym opatrunkiem, pacjenta należy pilnie odesłać na ostry dyżur okulistyczny',NULL,'assets/images/diseases/uraz-powieki.jpg',NULL,NULL,0,NULL,47,'rana,\nwylew krwi w obrębie powieki','Uraz powieki',NULL,NULL),(7,2,2,'Ostry atak jaskry','A','ból gałki ocznej i głowy, nudności i wymioty, obniżenie ostrości wzroku, światłowstręt, tęczowe koła wokół źródeł światła, w badaniu palpacyjnym bolesna gałka oczna jest twarda, przekrwienie gałki ocznej, zmniejszenie przezierności rogówki, źrenica jest szeroka i sztywna, wywiad rodzinny dotyczący jaskry, wada refrakcji – nadwzroczność (soczewki okularowe plusowe)','ocena ostrości wzroku do dali, palpacyjna ocena ciśnienia wewnątrzgałkowego, badanie gałki ocznej w świetle rozproszonym, w tym ocena szerokości źrenicy i jej reakcji na światło, należy podać 500mg acetazolamidu doustnie oraz 1–2 krople 2% pilocarpiny do worka spojówkowego, pacjenta należy pilnie odesłać na ostry dyżur okulistyczny',NULL,'assets/images/diseases/ostry-atak-jaskry.jpg',NULL,NULL,0,NULL,NULL,'ból gałki, ból gałek ocznych, ból głowy,\nnudności i wymioty,\nobniżenie ostrości wzroku,\nświatłowstręt, \ntęczowe koła wokół źródeł światła,\ngałka oczna jest twarda,\nprzekrwienie gałki ocznej, \nwady refrakcji,\nzmniejszenie przezierności rogówki,\nźrenica jest szeroka i sztywna','Ostry atak jaskry',NULL,NULL),(8,2,2,'Ostre zapalenie tęczówki','A','ból gałki ocznej, obniżenie ostrości wzroku, światłowstręt, przekrwienie gałki ocznej, źrenica jest wąska i sztywna, wywiad w kierunku chorób ogólnych, np. reumatycznych','ocena ostrości wzroku do dali, palpacyjna ocena ciśnienia wewnątrzgałkowego, badanie gałki ocznej w świetle rozproszonym, w tym ocena szerokości źrenicy i jej reakcji na światło, pacjenta należy pilnie odesłać na ostry dyżur okulistyczny',NULL,'assets/images/diseases/ostre-zapalenie-teczowki.jpg',NULL,NULL,0,NULL,48,'ból gałki, ból gałek ocznych,\nobniżenie ostrości wzroku,\nświatłowstręt,\nprzekrwienie gałki ocznej,\nźrenica jest wąska i sztywna','Ostre zapalenie tęczówki z poziomem ropy w komorze przedniej i błoną wysiękową w źrenicy',NULL,NULL),(9,2,2,'Owrzodzenie rogówki','A','wywiad w kierunku urazu i użytkowania soczewek kontaktowych, silny ból gałki ocznej, obniżenie ostrości wzroku, światłowstręt, przekrwienie gałki ocznej, zmniejszona przezierność rogówki','ocena ostrości wzroku do dali, zaleca się zdjęcie soczewek kontaktowych z obojga oczu oraz ich zabezpieczenie do ewentualnych badań bakteriologicznych, pacjenta należy pilnie odesłać na ostry dyżur okulistyczny','Nie wolno podawać antybiotyków do worka spojówkowego, zanim lekarz okulista nie pobierze posiewów','assets/images/diseases/owrzodzenie-rogowki.jpg',NULL,NULL,0,NULL,49,'ból gałki, ból gałek ocznych,\nobniżenie ostrości wzroku,\nświatłowstręt,\nprzekrwienie gałki ocznej,\nzmniejszenie przezierności rogówki','Owrzodzenie rogówki wybarwione fluoresceiną',NULL,NULL),(10,2,2,'Erozja rogówki','A','wywiad w kierunku urazu, np. gałązką, palcem, kosmetykiem, wywiad w kierunku noszenia soczewek kontaktowych, ból gałki ocznej, możliwe obniżenie ostrości wzroku, światłowstręt, przekrwienie gałki ocznej','ocena ostrości wzroku do dali, zaleca się zdjęcie soczewek kontaktowych z obojga oczu oraz ich zabezpieczenie do ewentualnych badań bakteriologicznych, do worka spojówkowego należy podać 1–2 krople środka znieczulającego oraz fluoresceiny, ocena barwienia rogówki w świetle rozproszonym lub z użyciem filtra kobaltowego (niebieskiego), pacjenta należy pilnie odesłać na ostry dyżur okulistyczny',NULL,'assets/images/diseases/erozja-rogowki.jpg',NULL,NULL,0,NULL,NULL,'ból gałki, ból gałek ocznych,\nobniżenie ostrości wzroku,\nświatłowstręt,\nprzekrwienie gałki ocznej','Erozja rogówki – barwienie fluoresceiną',NULL,NULL),(11,3,2,'Niedrożność naczyń siatkówki','A','nagłe, bezbolesne zaniewidzenie lub znaczne pogorszenie ostrości wzroku, wywiad w kierunku chorób naczyniowych','ocena ostrości wzroku do dali, należy podać 1 tabletkę (500 mg) kwasu acetylosalicylowego, pacjenta należy pilnie odesłać na ostry dyżur okulistyczny',NULL,'assets/images/diseases/zator-tetnicy-srodkowej.jpg','assets/images/diseases/zakrzep-zyly-srodkowej.jpg',NULL,0,NULL,NULL,'zaniewidzenie,\npogorszenie ostrości wzroku','Zator tętnicy środkowej siatkówki – widoczny objaw „wisienki” w plamce','Zakrzep żyły środkowej siatkówki',NULL),(12,3,2,'Zapalenie tętnicy skroniowej (choroba Hortona)','A','nagłe, bezbolesne zaniewidzenie lub znaczne pogorszenie ostrości wzroku, wywiad w kierunku chorób naczyniowych, bóle mięśniowe, bóle odczuwane podczas żucia, osłabienie i utrata masy ciała,\nschorzenie występuje u osób w wieku powyżej 70. roku życia','ocena ostrości wzroku do dali, badania OB i CRP należy wykonać w trybie pilnym, pacjenta należy pilnie odesłać na ostry dyżur okulistyczny',NULL,NULL,NULL,NULL,0,NULL,NULL,'zaniewidzenie,\npogorszenie ostrości wzroku,\nbóle mięśniowe,\nbóle odczuwane podczas żucia,\nosłabienie i utrata masy ciała',NULL,NULL,NULL),(13,3,2,'Przednia niedokrwienna neuropatia nerwu wzrokowego','A','nagłe, bezbolesne zaniewidzenie lub znaczne pogorszenie ostrości wzroku zwykle w godzinach porannych, wywiad w kierunku chorób naczyniowych','ocena ostrości wzroku do dali, należy podać 1 tabletkę (500 mg) kwasu acetylosalicylowego, pacjenta należy pilnie odesłać na ostry dyżur okulistyczny',NULL,'assets/images/diseases/przednia-niedokrwienna-neuropatia.jpg',NULL,NULL,0,NULL,NULL,'zaniewidzenie, \npogorszenie ostrości wzroku','Przednia niedokrwienna neuropatia n. II',NULL,NULL),(14,3,2,'Zapalenie nerwu wzrokowego','A','nagłe zaniewidzenie lub znaczne pogorszenie ostrości wzroku, wrażenie ciemnej centralnej plamy przed okiem, zaburzenia widzenia barw (zwłaszcza czerwonej i zielonej), ból odczuwany podczas ruchów gałki ocznej, możliwe zaburzenia odruchów źrenicznych, wywiad w kierunku chorób ogólnych (stwardnienie rozsiane), schorzenie występuje zwykle u młodych dorosłych','ocena ostrości wzroku do dali, ocena widzenia barw (czerwieni i zieleni), badanie oka w świetle rozproszonym, w tym ocena szerokości źrenicy i jej reakcji na światło, pacjenta należy pilnie odesłać na ostry dyżur okulistyczny',NULL,'assets/images/diseases/zapalenie-wewnatrzgalkowe.jpg',NULL,NULL,0,NULL,52,'zaniewidzenie,\npogorszenie ostrości wzroku,\nwrażenie ciemnej centralnej plamy przed okiem,\nzaburzenia widzenia barw,\nból odczuwany podczas ruchów gałki ocznej,\nzaburzenia odruchów źrenicznych','Zapalenie wewnątrzgałkowe n. II, obrzęk tarczy n. II',NULL,NULL),(15,3,2,'Odwarstwienie siatkówki','A','nagłe, znaczne pogorszenie ostrości wzroku, często występujące po wysiłku fizycznym lub doznaniu urazu, ograniczenie pola widzenia – wrażenie czarnej zasłony przed okiem, w wywiadzie: błyski i liczne męty przed okiem, wada refrakcji –najczęściej krótkowzroczność (korekcja wady minusowymi soczewkami okularowymi)','ocena ostrości wzroku do dali, konfrontacyjna ocena pola widzenia, pacjenta należy pilnie odesłać na ostry dyżur okulistyczny',NULL,'assets/images/diseases/odwarstwienie-siatkowki.jpg',NULL,NULL,0,NULL,53,'pogorszenie ostrości wzroku, \nograniczenie pola widzenia,\nbłyski przed okiem, \nwady refrakcji','Odwarstwienie siatkówki',NULL,NULL),(16,3,2,'Wylew krwi do ciała szklistego','A','nagłe, znaczne pogorszenie ostrości wzroku, w wywiadzie: błyski przed okiem, nagłe pojawienie się ciemnych „pływających” punktów, wywiad w kierunku chorób naczyniowych – cukrzyca','ocena ostrości wzroku do dali, pacjenta należy pilnie odesłać na ostry dyżur okulistyczny',NULL,'assets/images/diseases/wylew-krwi-do-ciala-szklistego.jpg',NULL,NULL,0,NULL,54,'pogorszenie ostrości wzroku,\nbłyski przed okiem, \nciemne pływające punkty','Wylew krwi do ciala szklistego',NULL,NULL),(17,3,2,'Wylew krwi do plamki żółtej – np. wysiękowa postać AMD','A','nagłe, znaczne pogorszenie ostrości wzroku, wrażenie centralnej białoszarej plamy przed okiem, krzywienie się widzianego obrazu, podczas czytania wrażenie łamania się liter, wywiad w kierunku chorób naczyniowych, schorzenie występuje u osób w wieku podeszłym','ocena ostrości wzroku do dali i bliży, badanie z wykorzystaniem testu Amslera, pacjenta należy pilnie odesłać na ostry dyżur okulistyczny',NULL,'assets/images/diseases/zwyrodnienie-plamki.jpg',NULL,NULL,0,NULL,NULL,'pogorszenie ostrości wzroku,\nwrażenie centralnej białoszarej plamy przed okiem,\nkrzywienie się obrazu,\nłamanie się liter','Zwyrodnienie plamki związane z wiekiem – postać wysiękowa',NULL,NULL),(18,4,2,'Opadnięcie powiek','A','nagłe opadnięcie powieki górnej, nagłe wystąpienie podwójnego widzenia i zeza, zaburzenia ruchomości gałek ocznych, możliwe pogorszenie ostrości wzroku lub przemijające zaburzenia widzenia, ograniczenie pola widzenia zwykle w obojgu oczach, zaburzenia reakcji źrenic na światło, różna szerokość źrenic obojga oczu, bóle i zawroty głowy, nudności i wymioty. Wywiad w kierunku chorób ogólnych lub urazu','ocena ostrości wzroku do dali, ocena ruchów gałek ocznych i dwojenia, ocena szerokości źrenic i ich reakcji na światło, konfrontacyjna ocena pola widzenia, pacjenta należy pilnie odesłać na ostry dyżur neurologiczny',NULL,'assets/images/diseases/opadniecie-powiek.jpg',NULL,NULL,0,NULL,NULL,'opadnięcie powieki górnej,\ndwojenie,\nzez,\nzaburzenia ruchomości gałek ocznych,\npogorszenie ostrości wzroku, \nzaburzenia widzenia,\nograniczenie pola widzenia,\nzaburzenia reakcji źrenic na światło,\nból głowy, \nzawroty głowy,\nnudności i wymioty','Opadnięcie powiek',NULL,NULL),(19,5,2,'Infekcja wirusowa Herpes-Zoster (półpasiec) lub Herpes simplex (opryszczka)\n','B','zaczerwienienie i obrzęk skóry powiek, rozlany ból powiek i głowy, zaburzenie czucia powierzchownego skóry, charakterystyczne są pęcherzykowate zmiany w obrębie skóry powiek i twarzy, zwykle ostrość wzroku nie jest pogorszona','ocena ostrości wzroku do dali, ocena powierzchni gałki ocznej i powiek w świetle rozproszonym, maść zawierająca acyclovir aplikowana na zmiany skórne 4x dziennie, oczna maść zawierająca acyclovir aplikowana na zmiany w obrębie powiek oraz do worka spojówkowego 4x dziennie, doustnie acyclovir w tabletkach 400 mg lub 800 mg (zależnie od nasilenia zmian) 5x dziennie, wskazana konsultacja okulistyczna','Jeżeli dojdzie do pogorszenia ostrości wzroku i wzmożonego bólu gałki ocznej, przypadek należy traktować w kategorii A','assets/images/diseases/wirusowe-zapalenie-rogowki.jpg','assets/images/diseases/wirusowe-zapalenie-rogowki-2.jpg',NULL,0,NULL,58,'zaczerwienienie powiek, zaczerwienienie powieki, obrzęk powiek, obrzęk powieki,\nból powiek,\nból głowy,\nzaburzenie czucia powierzchownego skóry,\npęcherzykowate zmiany','Wirusowe zapalenie rogówki','Wirusowe zapalenie rogówki.',NULL),(20,5,2,'Jęczmień','B','bolesność, obrzęk i zaczerwienienie powieki, zlokalizowany bolesny guzek w obrębie powieki, ewentualnie ropna wydzielina w worku spojówkowym, ww. objawom nie towarzyszy pogorszenie ostrości wzroku','ocena ostrości wzroku do dali, ocena powierzchni gałki ocznej i powiek w świetle rozproszonym, wskazane suche, ciepłe okłady na powiekę, na powiekę i do worka spojówkowego konieczna aplikacja ocznej maści i/lub kropli zawierających antybiotyk i steroid – 4x dziennie minimum przez 7 dni (po jednej kropli) ','Jeżeli nie dojdzie do poprawy po 4 dniach terapii, konieczna jest konsultacja okulistyczna',NULL,NULL,NULL,0,NULL,59,'zaczerwienienie powiek, zaczerwienienie powieki, obrzęk powiek, obrzęk powieki,\nbolesny guzek w obrębie powieki,\nropna wydzielina',NULL,NULL,NULL),(21,5,2,'Gradówka','B','bezbolesny guzek umiejscowiony w obrębie powieki, utrzymujący się od co najmniej kilku tygodni, nie stwierdza się pogorszenia ostrości wzroku','ocena ostrości wzroku do dali, ocena powierzchni gałki ocznej i powiek w świetle rozproszonym, na powiekę i do worka spojówkowego konieczna aplikacja ocznej maści i/lub kropli zawierających antybiotyk i steroid – 4x dziennie minimum przez 7 dni (po jednej kropli) ','Jeżeli nie dojdzie do poprawy po 4 dniach terapii, konieczna jest konsultacja okulistyczna','assets/images/diseases/gradowka.jpg',NULL,NULL,0,NULL,60,'bezbolesny guzek w obrębie powieki','Gradówka dolnej powieki',NULL,NULL),(22,5,2,'Zapalenie woreczka łzowego','B','bolesność, obrzęk i zaczerwienienie powieki dolnej poniżej kąta wewnętrznego lub zlokalizowany bolesny guzek w obrębie powieki dolnej poniżej kąta wewnętrznego, ropna wydzielina w worku spojówkowym, nie stwierdza się pogorszenia ostrości wzroku, w wywiadzie: nawracające stany zapalne lub uraz','ocena ostrości wzroku do dali, ocena powierzchni gałki ocznej i powiek w świetle rozproszonym, zaleca się podanie kropli zawierających antybiotyk – 4x dziennie po 1 kropli przez 7 dni – oraz antybiotyku ogólnie, np. amoksycyliny z kwasem klawulanowym (dorośli 500–875 mg przez 10 dni)',NULL,NULL,NULL,NULL,0,NULL,61,'obrzęk i zaczerwienienie powieki dolnej,\nbolesny guzek w obrębie powieki dolnej,\nropna wydzielina',NULL,NULL,NULL),(23,5,2,'Przedprzegrodowe zapalenie tkanek oczodołu','B','bolesny obrzęk i zaczerwienienie powiek, zwiększone ucieplenie oraz napięcie skóry powiek, ból gałki ocznej, pogorszenie ostrości wzroku, dwojenie, znaczne trudności w otwieraniu powiek lub brak możliwości otwarcia powiek, wywiad w kierunku urazu, infekcji górnych dróg oddechowych (zatoki przynosowe) lub ucha środkowego, schorzenie zwykle występuje u dzieci i młodych dorosłych','ocena ostrości wzroku do dali, ocena powierzchni gałki ocznej i powiek w świetle rozproszonym, ocena ruchomości gałek ocznych','Jeżeli dojdzie do zaburzenia ruchomości, a także dwojenia i wytrzeszczu, przypadek należy traktować w kategorii A. Zaleca się podanie antybiotyku ogólnie, np. amoksycyliny z kwasem klawulanowym (dorośli 500–875 mg przez 10 dni)','assets/images/diseases/przedprzegrodowe-zapalenie-tkanek-oczodolu.jpg',NULL,NULL,0,NULL,50,'zaczerwienienie powiek, zaczerwienienie powieki, obrzęk powiek, obrzęk powieki,\nnapięcie skóry skóry powiek,\nból gałki, ból gałek ocznych,\npogorszenie ostrości wzroku,\ndwojenie,\ntrudności w otwieraniu powiek \nbrak możliwości otwarcia powiek','Przedprzegrodowe zapalenie tkanek oczodołu',NULL,NULL),(24,5,2,'Alergiczne zapalenie tkanek oczodołu','B','ciastowaty obrzęk i zaczerwienienie powiek, dyskomfort, pieczenie, uczucie ciała obcego, swędzenie oczu i powiek, przekrwienie gałki ocznej, światłowstręt, łzawienie, wywiad w kierunku alergii, uczucie przepełnionej gałki ocznej (obrzęk spojówek)','ocena ostrości wzroku do dali, ocena powierzchni gałki ocznej i powiek w świetle rozproszonym, zaleca się podanie leków przeciwalergicznych ogólnie oraz podanie ocznej maści zawierającej steroid na zmienioną skórę powiek i preparatu antyhistaminowego w kroplach (nowej generacji) 2x dziennie po 1 kropli do worka spojówkowego',NULL,'assets/images/diseases/alergiczny-obrzek-powiek.jpg',NULL,NULL,1,2,62,'zaczerwienienie powiek, zaczerwienienie powieki, obrzęk powiek, obrzęk powieki,\npieczenie, \nuczucie ciała obcego,\nswędzenie oczu i powiek,\nprzekrwienie gałki ocznej,\nświatłowstręt,\nłzawienie','Alergiczny obrzęk powiek',NULL,NULL),(25,6,2,'Wytrzeszcz','B','asymetria szerokości szpar powiekowych, wywiad w kierunku urazu i chorób ogólnych, np. chorób tarczycy i nowotworów, uczucie przepełnionej gałki ocznej, mogą wystąpić: przekrwienie gałki ocznej, zaburzenia ruchomości gałek ocznych – zez, dwojenie, widzenie jest pogorszone','ocena ostrości wzroku do dali, ocena powierzchni oka i powiek w świetle rozproszonym, ocena ruchomości gałek ocznych ','Jeżeli początek objawów jest nagły, przypadek należy traktować w kategorii A','assets/images/diseases/wytrzeszcz.jpg',NULL,NULL,0,NULL,64,'asymetria szerokości szpar powiekowych,\nuczucie przepełnionej gałki ocznej,\nprzekrwienie gałki ocznej, \nzez','Wytrzeszcz',NULL,NULL),(26,7,2,'Dwojenie obrazu','B','zez, zaburzenia ruchomości gałek ocznych, może dojść do wytrzeszczu i opadnięcia powieki górnej, wywiad w kierunku urazu, chorób tarczycy, cukrzycy, nadciśnienia tętniczego','ocena ostrości wzroku do dali, ocena ruchomości gałek ocznych i dwojenia ocena reakcji źrenic na światło','Jeżeli początek objawów jest nagły, przypadek należy traktować w kategorii A',NULL,NULL,NULL,0,NULL,65,'zez,\nzaburzenia ruchomości gałek ocznych,\nwytrzeszcz,\nopadnięcie powieki górnej,\ndwojenie',NULL,NULL,NULL),(27,8,2,'Powieki i powierzchnia oka','B','niegojące się owrzodzenia, nawracające gradówki, powiększające się zmiany rozrostowe w obrębie skóry powiek, przewlekły obrzęk spojówek, nieprawidłowe ustawienie brzegu powiek, może dojść do opadnięcia powieki górnej','ocena ostrości wzroku do dali, ocena powierzchni oka i powiek w świetle rozproszonym, ocena refleksu z dna oka, ocena ruchomości gałek ocznych, konfrontacyjna ocena pola widzenia, zalecana jest konsultacja okulistyczna i neurologiczna',NULL,'assets/images/diseases/guz-powieki-dolnej.jpg','assets/images/diseases/niegojace-sie-owrzodzenie-powieki-dolnej.jpg',NULL,0,NULL,NULL,'owrzodzenia,\ngradówki,\nzmiany rozrostowe,\nobrzęk spojówek,\nnieprawidłowe ustawienie brzegu powiek,\nopadnięcie powieki górnej','Guz powieki dolnej','Niegojące się owrzodzenie powieki dolnej',NULL),(28,8,2,'Gałka oczna','B','zmiana rozrostowa na powierzchni gałki ocznej, zmiana kształtu źrenicy, utrata różowego refleksu z dna oka, „biała źrenica”, ww. objawom towarzyszy pogorszenie ostrości wzroku, może dojść do opadnięcia powieki górnej, może być odczuwalny ból oka','ocena ostrości wzroku do dali, ocena powierzchni oka i powiek w świetle rozproszonym, ocena refleksu z dna oka, ocena ruchomości gałek ocznych, konfrontacyjna ocena pola widzenia, zalecana jest konsultacja okulistyczna i neurologiczna',NULL,'assets/images/diseases/guz-rogowki.jpg','assets/images/diseases/znamie-teczowki.jpg',NULL,0,NULL,66,'zmiany rozrostowe,\nzmiana kształtu źrenicy,\nutrata różowego refleksu z dna oka,\n„biała źrenica”,\npogorszenie ostrości wzroku,\nopadnięcie powieki górnej,\nból gałki,\nból gałek ocznych','Guz rogówki','Znamię tęczówki',NULL),(29,8,2,'Droga wzrokowa w odcinku pozagałkowym, zmiany w OUN','B','pogorszenie ostrości wzroku, mogą wystąpić: wytrzeszcz, zez i dwojenie, zaburzenia reakcji źrenic na światło, pole widzenia może być ograniczone zarówno w jednym oku, jak i w obojgu oczach, zaburzenia równowagi, bóle głowy, nudności, wymioty – typowo w godzinach porannych','ocena ostrości wzroku do dali, ocena powierzchni oka i powiek w świetle rozproszonym, ocena refleksu z dna oka, ocena ruchomości gałek ocznych, konfrontacyjna ocena pola widzenia, zalecana jest konsultacja okulistyczna i neurologiczna',NULL,NULL,NULL,NULL,0,NULL,67,'pogorszenie ostrości wzroku,\nwytrzeszcz, \nzez, \ndwojenie,\nzaburzenia reakcji źrenic na światło,\nograniczenie pola widzenia\nzaburzenie równowagi,\nból głowy, \nnudności i wymioty',NULL,NULL,NULL),(30,9,2,'Wady refrakcji','C','stopniowe, bezbolesne, pogorszenie ostrości wzroku do dali lub/i bliży, mrużenie oczu w celu poprawy widzenia, bóle głowy i gałek ocznych','ocena ostrości wzroku do dali i bliży, zaleca się konsultację okulistyczną',NULL,NULL,NULL,NULL,0,NULL,68,'pogorszenie ostrości wzroku,\nmrużenie oczu,\nból gałki ocznej, ból gałek ocznych, \nból głowy',NULL,NULL,NULL),(31,9,2,'Sucha postać AMD','C','stopniowe, bezbolesne, powolne pogorszenie ostrości wzroku, zwłaszcza do bliży, krzywienie się obrazu: podczas czytania łamanie się linii, „przeskakiwanie” i znikanie liter, wrażenie centralnej białej plamy przed okiem','ocena ostrości wzroku do dali i bliży, ocena krzywienia się obrazu za pomocą testu Amslera, zaleca się stosowanie luteiny, a także konsultację okulistyczną',NULL,'assets/images/diseases/zwyrodnienie-plamki-postac-sucha.jpg','assets/images/diseases/zwyrodnienie-plamki-postac-sucha-2.jpg',NULL,0,NULL,NULL,'pogorszenie ostrości wzroku,\nkrzywienie się obrazu,\nwrażenie centralnej białej plamy przed okiem','Zwyrodnienie plamki związane z wiekiem – postać sucha, zanik geograficzny','Zwyrodnienie plamki związane z wiekiem – postać sucha, druzy',NULL),(32,9,2,'Zaćma','C','stopniowe, bezbolesne, powolne pogorszenie ostrości wzroku zwłaszcza do dali, wrażenie „mgły” przed okiem, zmiana wady refrakcji w kierunku krótkowzroczności, wywiad w kierunku cukrzycy i ogólnej steroidoterapii, zwykle schorzenie występuje u osób w wieku powyżej 60. roku życia','ocena ostrości wzroku do dali i bliży, zalecana jest konsultacja okulistyczna',NULL,'assets/images/diseases/zacma-korowa.jpg','assets/images/diseases/zacma-brunatna.jpg',NULL,0,NULL,NULL,'pogorszenie ostrości wzroku,\nwrażenie „mgły” przed okiem,\nzmiana wady refrakcji','Zaćma korowa','Zaćma brunatna',NULL),(33,9,2,'Jaskra','C','wywiad rodzinny w kierunku jaskry, naczyniowe czynniki ryzyka wystąpienia jaskry to: niskie ciśnienie tętnicze, nadciśnienie tętnicze, objaw Raynauda i migreny, okresowe bóle gałek ocznych i głowy – odczuwane zwłaszcza w ciemnych pomieszczeniach, okresowo pojawiające się zjawisko „halo” wokół źródeł światła, wady refrakcji – wysoka nadwzroczność, wysoka krótkowzroczność, choroba występuje zwykle u osób w wieku powyżej 40. roku życia. Uwaga! Zwykle w początkowym okresie choroby jej przebieg jest bezobjawowy','ocena ostrości wzroku do dali, palpacyjna ocena ciśnienia wewnątrzgałkowego, badanie gałki ocznej w świetle rozproszonym, w tym ocena szerokości źrenicy i jej reakcji na światło, zaleca się konsultację okulistyczną','Jeżeli pacjent zgłasza okresowe bóle gałek ocznych i głowy – zwłaszcza odczuwalne w ciemnych pomieszczeniach i pojawienie się zjawiska „halo” wokół źródeł światła, a ponadto ma wysoką nadwzroczność, przypadek należy traktować w kategorii B',NULL,NULL,NULL,0,NULL,NULL,'objaw Raynauda i migreny,\nból gałki, ból gałek ocznych, \nból głowy,\nzjawisko „halo” wokół źródeł światła,\nwady refrakcji,',NULL,NULL,NULL),(34,10,2,'Wirusowe zapalenie spojówek','C','dyskomfort – pieczenie, ból, uczucie ciała obcego, przekrwienie gałki ocznej, światłowstręt, łzawienie, surowicza wydzielina. Wywiad w kierunku infekcji górnych dróg oddechowych, obrzęk i zaczerwienienie powiek, dolegliwości występują nagle','ocena ostrości wzroku do dali, zaleca się zdjęcie soczewek kontaktowych z obojga oczu i ich zabezpieczenie do ewentualnych badań bakteriologicznych, ocena powierzchni gałki ocznej i powiek w świetle rozproszonym, zaleca się podanie kropli zawierających antybiotyk -    4x dziennie po 1 kropli przez 7 dni','Jeżeli po 4 dniach przyjmowania leku nie dojdzie do poprawy, konieczna jest konsultacja okulistyczna, a przypadek należy traktować w kategorii B','assets/images/diseases/wirusowe-emidemiczne-zapalenie-spojowek.jpg',NULL,NULL,1,3,70,'pieczenie, \nuczucie ciała obcego,\nprzekrwienie gałki ocznej,\nświatłowstręt,\nłzawienie,\nsurowicza wydzielina,\nobrzęk powiek/powieki, zaczerwienienie powiek/powieki','Wirusowe, epidemiczne zapalenie spojówek',NULL,NULL),(35,10,2,'Bakteryjne zapalenie spojówek','C','dyskomfort – pieczenie, ból, uczucie ciała obcego, przekrwienie gałki ocznej, światłowstręt, łzawienie, wywiad w kierunku infekcji górnych dróg oddechowych oraz użytkowania soczewek kontaktowych, ropna wydzielina w worku spojówkowym i na rzęsach, dolegliwości występują nagle','ocena ostrości wzroku do dali, zaleca się zdjęcie soczewek kontaktowych z obojga oczu i ich zabezpieczenie do ewentualnych badań bakteriologicznych, ocena powierzchni oka i powiek w świetle rozproszonym, zaleca się płukanie gałki ocznej solą fizjologiczną, a następnie wpuszczenie kropli zawierających antybiotyk –\r\n4x dziennie po 1 kropli przez 7 dni','Jeżeli po 4 dniach przyjmowania leku nie dojdzie do poprawy, konieczna jest konsultacja okulistyczna, a przypadek należy traktować w kategorii B','assets/images/diseases/bakteryjne-zapalenie-spojowek.jpg',NULL,NULL,1,4,71,'pieczenie, \nuczucie ciała obcego,\nprzekrwienie gałki ocznej,\nświatłowstręt,\nłzawienie,\nropna wydzielina','Bakteryjne ropne zapalenie spojówek – widoczna ropna wydzielina',NULL,NULL),(36,10,2,'Alergiczne zapalenie spojówek','C','dyskomfort – pieczenie, uczucie ciała obcego, swędzenie oczu i powiek, przekrwienie gałki ocznej, światłowstręt, łzawienie, wywiad w kierunku alergii, uczucie przepełnionej gałki ocznej (obrzęk spojówek), obrzęk i zaczerwienienie powiek','ocena ostrości wzroku do dali, zaleca się zdjęcie soczewek kontaktowych z obojga oczu i ich zabezpieczenie do ewentualnych badań bakteriologicznych, ocena powierzchni gałki ocznej i powiek w świetle rozproszonym, zaleca się podanie: preparatu antyhistaminowego w kroplach (nowej generacji) 2x dziennie po 1 kropli, ogólnie działających leków przeciwalergicznych, preparatów sztucznych łez, które nie zawierają konserwantów, 4x dziennie po 1 kropli','Jeżeli po 4 dniach przyjmowania leku nie dojdzie do poprawy, konieczna jest konsultacja okulistyczna, a przypadek należy traktować w kategorii B','assets/images/diseases/alergiczne-zapalenie-spojowek.jpg',NULL,NULL,1,5,72,'pieczenie, \nuczucie ciała obcego,\nswędzenie oczu i powiek,\nprzekrwienie gałki ocznej,\nświatłowstręt,\nłzawienie,\nobrzęk spojówek,\nobrzęk powiek, obrzęk powieki, zaczerwienienie powiek, zaczerwienienie powieki','Alergiczne zapalenie spojówek – spojówka powiekowa z brodawkami',NULL,NULL),(37,10,2,'Wylew podspojówkowy','C','zaczerwienienie powierzchni gałki ocznej, wylew krwi w obrębie spojówki, uczucie dyskomfortu w oku, w wywiadzie: wysiłek fizyczny, parcie, np. w czasie defekacji lub porodu, nagłe wahania ciśnienia tętniczego, wywiad w kierunku chorób naczyniowych takich jak nadciśnienie tętnicze i cukrzyca, zaburzenia rytmu serca, a także przyjmowania leków rozrzedzających krew','ocena ostrości wzroku do dali i bliży, kontrola ciśnienia tętniczego, badanie EKG, określenie stężenia glukozy we krwi, zaleca się podanie leków uszczelniających naczynia krwionośne','Jeśli pacjent zgłasza pogorszenie ostrości wzroku lub zaburzenia w polu widzenia, konieczna jest konsultacja okulistyczna, a przypadek należy traktować w kategorii B','assets/images/diseases/wylew-podspojowkowy.jpg',NULL,NULL,0,NULL,NULL,'zaczerwienienie gałki ocznej,\nwylew krwi w obrębie spojówki,\npogorszenie ostrości wzroku,\nzaburzenia widzenia','Wylew podspojówkowy',NULL,NULL),(38,11,2,'Zespół suchego oka','C','pieczenie, łzawienie, uczucie suchości i piasku pod powiekami, światłowstręt, przemijające pogorszenie widzenia, niewielkie zaczerwienienie gałek ocznych, wywiad w kierunku pracy wzrokowej (pracy przy monitorze i w warunkach klimatyzacji) i użytkowania soczewek kontaktowych, a także chorób ogólnych takich jak cukrzyca, choroby reumatyczne, choroby tarczycy i choroby z autoagresji, leki przyjmowane ogólnie (&beta;-blokery, diuretyki i leki hormonalne)','ocena ostrości wzroku do dali i bliży, ocena powierzchni gałki ocznej i powiek w świetle rozproszonym, zaleca się podanie preparatów sztucznych łez, które nie zawierają konserwantów – 4–5x dziennie po 1 kropli',NULL,'assets/images/diseases/zespol-suchego-oka.jpg',NULL,NULL,1,6,73,'pieczenie, \nłzawienie,\nuczucie suchości i piasku pod powiekami,\nświatłowstręt,\npogorszenie widzenia,\nzaczerwienienie gałki ocznej','Zespół suchego oka – rogówka wybarwiona fluoresceiną',NULL,NULL),(39,11,2,'Zaburzenia drożności dróg łzowych','C','łzawienie, pieczenie, niewielkie zaczerwienienie gałek ocznych, przewlekłe nawracające zapalenia spojówek','ocena ostrości wzroku do dali, ocena powierzchni gałki ocznej i powiek w świetle rozproszonym, należy podać 1–2 krople fluoresceiny do worka spojówkowego, ocena przechodzenia fluoresceiny przez drogi łzowe (po około 2 minutach żółte zabarwienie wydzieliny w nosie), zaleca się podanie preparatów sztucznych łez, które nie zawierają konserwantów – 4 – 5x dziennie po 1 kropli, konieczna jest konsultacja okulistyczna i ewentualnie kwalifikacja do zabiegu udrożnienia dróg łzowych',NULL,NULL,NULL,NULL,1,7,74,'łzawienie, \npieczenie,\nzaczerwienienie gałki ocznej,\nnawracające zapalenia spojówek',NULL,NULL,NULL),(40,11,2,'Przewlekłe zapalenia brzegów powiek i spojówek','C','łzawienie, pieczenie, niewielkie zaczerwienienie gałek ocznych, przewlekłe nawracające zapalenia spojówek, zaczerwienienie, pogrubienie brzegów powiek, charakterystyczne jest nasilenie dolegliwości w godzinach rannych, wywiad w kierunku pracy wzrokowej (pracy przy monitorze i w warunkach klimatyzacji)','ocena ostrości wzroku do dali, ocena powierzchni gałki ocznej i powiek w świetle rozproszonym, zaleca się: higienę brzegów powiek, rozgrzewające masaże powiek i stosowanie preparatów sztucznych łez, które nie zawierają konserwantów – 4–5x dziennie po 1 kropli, w czasie zaostrzenia objawów natomiast – krople i/lub maść zawierające antybiotyk lub antybiotyk i steroid (dawkowanie zależne od nasilenia procesu)',NULL,'assets/images/diseases/przewlekle-zapalenie-brzegow-powiek.jpg',NULL,NULL,1,8,NULL,'łzawienie, \npieczenie,\nzaczerwienienie gałki ocznej,\nnawracające zapalenia spojówek,\nzaczerwienienie powiek, zaczerwienienie powieki,\npogrubienie brzegów powiek','Przewlekłe zapalenie brzegów powiek',NULL,NULL),(41,12,2,'Zaburzenia ciała szklistego','C','pojawiające się w polu widzenia ciemne, pływające punkty o różnych kształtach, w wywiadzie możliwe błyski przed okiem, często wada refrakcji –krótkowzroczność (soczewki okularowe minusowe)','ocena ostrości wzroku do dali, zalecenie planowej konsultacji okulistycznej','Nagłe pojawienie się dużej ilości mętów i objaw „sadzy” uwidoczniony w polu widzenia z towarzyszącymi mu błyskawicami od skroni wskazują, że przypadek należy traktować w kategorii A',NULL,NULL,NULL,0,NULL,NULL,'ciemne pływające punkty, \nbłyski przed okiem,\nwady refrakcji',NULL,NULL,NULL),(42,13,1,'Perforujące gałkę oczną','A','wywiad w kierunku urazu, silny ból oka, pogorszenie ostrości wzroku, uszkodzenie struktur gałki ocznej widoczne w świetle rozproszonym','ocena ostrości wzroku do dali, trzeba zasłonić gałkę oczną jałowym opatrunkiem, pacjenta należy pilnie odesłać na ostry dyżur okulistyczny','Nie można uciskać gałki ocznej','assets/images/diseases/perforujace-galke-oczna-child.jpg',NULL,NULL,NULL,NULL,1,'ból oka, ból oczu,\npogorszenie ostrości wzroku,\nuszkodzenie struktur gałki ocznej','Uraz perforujący gałki ocznej – szwy na rogówce',NULL,NULL),(43,13,1,'Oparzenia chemiczne i termiczne','A','wywiad w kierunku oparzenia (rodzaj substancji –kwas czy zasada, temperatura, światło UV), silny ból gałki ocznej, pogorszenie ostrości wzroku, światłowstręt, łzawienie, tarcie oczu','płukanie worka spojówkowego solą fizjologiczną, a w przypadku oparzenia kwasem lub zasadą minimum 500 ml 0,9% NaCl, pacjenta należy pilnie odesłać na ostry dyżur okulistyczny','Nie można zakładać opatrunku na chorą gałkę oczną','assets/images/diseases/oparzenia-chemiczne-i-termiczne-child.jpg',NULL,NULL,NULL,NULL,2,'łzawienie, \npieczenie,\nzaczerwienienie gałek ocznych','Oparzenie chemiczne – widoczne anemizacja spojówki i przymglenie rogówki',NULL,NULL),(44,13,1,'Ciało obce wewnątrzgałkowe','A','wywiad w kierunku urazu, silny ból gałki ocznej, może dojść do znacznego pogorszenia ostrości wzroku i wylewu podspojówkowego','ocena ostrości wzroku do dali, gałkę oczną trzeba zasłonić jałowym opatrunkiem, pacjenta należy pilnie odesłać na ostry dyżur okulistyczny','Nie można uciskać gałki ocznej',NULL,NULL,NULL,NULL,NULL,4,'ból gałki,\nból gałek ocznych,\npogorszenie ostrości wzroku,\nwylew podspojówkowy',NULL,NULL,NULL),(45,13,1,'Ciało obce powierzchni oka','A','wywiad w kierunku urazu, uczucie ciała obcego silny ból i przekrwienie gałki ocznej, światłowstręt, łzawienie, tarcie oczu','należy odwinąć powiekę górną i do worka spojówkowego podać 1–2 krople środka znieczulającego oraz fluoresceiny, ocena barwienia rogówki w świetle rozproszonym lub z zastosowaniem filtra kobaltowego (niebieskiego), jeśli na powierzchni gałki ocznej lub pod powieką górną jest widoczne poruszające się podczas mrugnięć ciało obce, należy worek spojówkowy wypłukać solą fizjologiczną, ew. usunąć ciało obce jałowym gazikiem, jeśli na powierzchni gałki ocznej jest widoczne nieporuszające się podczas mrugnięć ciało obce, należy worek spojówkowy wypłukać solą fizjologiczną, unikać jakichkolwiek manipulacji i odesłać pacjenta na ostry dyżur okulistyczny, w każdym przypadku do worka spojówkowego trzeba podać kroplę antybiotyku',NULL,NULL,NULL,NULL,NULL,NULL,3,'uczucie ciała obcego,\nból gałki ocznej,\nprzekrwienie gałki ocznej,\nświatłowstręt,\nłzawienie,\ntarcie oczu,',NULL,NULL,NULL),(46,13,1,'Uraz tępy','A','wywiad w kierunku urazu, może dojść do: pogorszenia ostrości wzroku, powstania krwiaka okularowego i wylewu podspojówkowego, zaburzeń ruchomości gałki ocznej, dwojenia, zaburzeń ruchomości źrenicy (szeroka źrenica)','ocena ostrości wzroku do dali, RTG oczodołów, pacjenta należy pilnie odesłać na ostry dyżur okulistyczny',NULL,NULL,NULL,NULL,NULL,NULL,5,'pogorszenie ostrości wzroku, \nkrwiak okularowy,\nwylew podspojówkowy,\nzaburzeń ruchomości gałki ocznej, \ndwojenie,\nzaburzenia ruchomości źrenicy,',NULL,NULL,NULL),(47,13,1,'Urazy powiek','A','wywiad w kierunku urazu, w obrębie powieki widoczna rana/wylew krwi','zaleca się płukanie worka spojówkowego solą fizjologiczną i podanie maści zawierającej antybiotyk, gałkę oczną należy zasłonić jałowym opatrunkiem i pilnie odesłać pacjenta na ostry dyżur okulistyczny',NULL,NULL,NULL,NULL,NULL,NULL,6,'rana, wylew krwi w obrębie powieki',NULL,NULL,NULL),(48,14,1,'Ostre zapalenie tęczówki','A','ból gałki ocznej, obniżenie ostrości wzroku, światłowstręt, przekrwienie gałki ocznej, wąska, sztywna źrenica, wywiad w kierunku chorób ogólnych – reumatycznych','ocena ostrości wzroku do dali, palpacyjna ocena ciśnienia wewnątrzgałkowego, badanie gałki ocznej w świetle rozproszonym, w tym ocena szerokości źrenicy i jej reakcji na światło, pacjenta należy pilnie odesłać na ostry dyżur okulistyczny',NULL,NULL,NULL,NULL,NULL,NULL,8,'ból gałki ocznej,\nobniżenie ostrości wzroku,\nświatłowstręt,\nprzekrwienie gałki ocznej,\nwąska i sztywna źrenica,',NULL,NULL,NULL),(49,14,1,'Owrzodzenie rogówki','A','wywiad w kierunku urazu i użytkowania soczewek kontaktowych, silny ból gałki ocznej, obniżenie ostrości wzroku, światłowstręt, przekrwienie gałki ocznej, zmniejszona przezierność rogówki','ocena ostrości wzroku do dali, zaleca się zdjęcie soczewek kontaktowych z obojga oczu i ich zabezpieczenie do ewentualnych badań bakteriologicznych, pacjenta należy pilnie odesłać na ostry dyżur okulistyczny','Nie wolno podawać antybiotyków do worka spojówkowego, zanim lekarz okulista nie pobierze materiału do posiewów',NULL,NULL,NULL,NULL,NULL,9,'ból gałki ocznej,\nobniżenie ostrości wzroku,\nświatłowstręt,\nprzekrwienie gałki ocznej,\nzmniejszenie przezierności rogówki,',NULL,NULL,NULL),(50,14,1,'Przedprzegrodowe zapalenie tkanek oczodołu','A','bolesny obrzęk i zaczerwienienie powiek, zwiększone ucieplenie oraz napięcie skóry powiek, ból gałki ocznej, pogorszenie ostrości wzroku, dwojenie, chory nie może otworzyć powiek, wywiad w kierunku urazu, infekcji górnych dróg oddechowych (zatok przynosowych, zapalenia sitowia) lub ucha środkowego','ocena ostrości wzroku do dali, ocena powierzchni gałki ocznej i powiek w świetle rozproszonym, ocena ruchomości gałek ocznych, zaleca się podanie antybiotyku ogólnie, np. amoksycyliny z kwasem klawulanowym, pacjenta należy pilnie odesłać na ostry dyżur okulistyczny',NULL,NULL,NULL,NULL,NULL,NULL,23,'obrzęk powiek, obrzęk powieki,\nzaczerwienienie powiek, zaczerwienienie powieki,\nucieplenie oraz napięcie skóry powiek,\nból gałki ocznej,\npogorszenie ostrości wzroku,\ndwojenie,\nchory nie może otworzyć powiek,',NULL,NULL,NULL),(51,15,1,'Objawy okulistyczne sugerujące nagły stan neurologiczny','A','nagłe opadnięcie powieki górnej, nagłe wystąpienie podwójnego widzenia i zeza, zaburzenia ruchomości gałek ocznych, może dojść do pogorszenia ostrości wzroku lub przemijających zaburzeń widzenia, ograniczenia pola widzenia zwykle obuocznie, zaburzenia reakcji źrenic na światło, różne szerokości źrenic obojga oczu, bóle i zawroty głowy, nudności i wymioty, wywiad w kierunku chorób ogólnych lub urazu','ocena ostrości wzroku do dali, ocena ruchów gałek ocznych i dwojenia, ocena szerokości źrenic i reakcji źrenic na światło, konfrontacyjna ocena pola widzenia, pacjenta należy pilnie odesłać na ostry dyżur neurologiczny',NULL,NULL,NULL,NULL,NULL,NULL,NULL,'opadnięcie powieki górnej,\ndwojenie,\nzez,\nzaburzenia ruchomości gałek ocznych,\npogorszenie ostrości wzroku, \nzaburzenia widzenia,\nograniczenie pola widzenia,\nzaburzenia reakcji źrenic,\nróżne szerokości źrenic obojga oczu,\nból głowy, \nzawroty głowy,\nnudności i wymioty,',NULL,NULL,NULL),(52,16,1,'Zapalenie nerwu wzrokowego','A','nagłe zaniewidzenie lub znaczne pogorszenie ostrości wzroku, wrażenie ciemnej centralnej plamy przed okiem, zaburzenia widzenia barw (zwłaszcza czerwonej i zielonej), ból odczuwany podczas ruchów gałki ocznej, może dojść do zaburzenia odruchów źrenicznych, wywiad w kierunku chorób infekcyjnych i neurologicznych','ocena ostrości wzroku do dali, ocena widzenia barw (czerwieni i zieleni), pacjenta należy pilnie odesłać na ostry dyżur okulistyczny',NULL,'assets/images/diseases/zapalenie-nerwu-wzrokowego-child.jpg',NULL,NULL,NULL,NULL,14,'zaniewidzenie,\npogorszenie ostrości wzroku,\nwrażenie ciemnej centralnej plamy przed okiem,\nzaburzenia widzenia barw,\nból gałki ocznej,\nzaburzenia reakcji źrenic,','Zapalenie wewnątrzgałkowe n. II, obrzęk tarczy n. II',NULL,NULL),(53,16,1,'Odwarstwienie siatkówki','A','nagłe, znaczne pogorszenie ostrości wzroku, ograniczenie pola widzenia – wrażenie czarnej zasłony przed okiem, w wywiadzie: błyski i liczne męty przed okiem oraz uraz, wada refrakcji –krótkowzroczność (korekcja wady minusowymi soczewkami okularowymi)','ocena ostrości wzroku do dali, konfrontacyjna ocena pola widzenia, pacjenta należy pilnie odesłać na ostry dyżur okulistyczny',NULL,NULL,NULL,NULL,NULL,NULL,15,'pogorszenie ostrości wzroku,\nograniczenie pola widzenia,\nbłyski przed okiem,\nuraz,\nwady refrakcji,',NULL,NULL,NULL),(54,16,1,'Wylew krwi do ciała szklistego','A','nagłe, znaczne pogorszenie ostrości wzroku, w wywiadzie: błyski przed okiem i nagłe pojawienie się ciemnych, pływających punktów, wywiad w kierunku chorób naczyniowych, np. cukrzycy','ocena ostrości wzroku do dali, pacjenta należy pilnie odesłać na ostry dyżur okulistyczny',NULL,'assets/images/diseases/wylew-krwi-do-ciala-szklistego-child.jpg',NULL,NULL,NULL,NULL,16,'pogorszenie ostrości wzroku,\nbłyski przed okiem,\nciemne punkty w polu widzenia,','Przedsiatkówkowy wylew krwi powstały wskutek urazu',NULL,NULL),(55,16,1,'Zapalenie błony naczyniowej i siatkówki','A','pogorszenie ostrości wzroku, w wywiadzie: pojawienie się ciemnych, pływających punktów w polu widzenia (męty przed okiem), wywiad w kierunku chorób odzwierzęcych, takich jak toksoplazmoza, toksokaroza i borelioza','ocena ostrości wzroku do dali, pacjenta należy pilnie odesłać na ostry dyżur okulistyczny',NULL,'assets/images/diseases/zapalenie-blony-naczyniowej-siatkowki-child.jpg',NULL,NULL,NULL,NULL,NULL,'pogorszenie ostrości wzroku,\nciemne punkty w polu widzenia,','Zapalenie błony naczyniowej w przebiegu zakażenia Toxoplasma gondi – rozległa blizna w plamce',NULL,NULL),(56,17,1,'Objaw „białej źrenicy”','B','biała źrenica, utrata różowego refleksu z dna oka (może być widoczna na\r\nfotografii), zez, obniżenie ostrości wzroku, wywiad w kierunku wcześniactwa, chorób genetycznych i nowotworów gałki ocznej w rodzinie','orientacyjna ocena widzenia, ocena powierzchni gałki ocznej w świetle rozproszonym, ocena refleksu z dna oka',NULL,'assets/images/diseases/objaw-bialej-zrenicy.jpg',NULL,NULL,NULL,NULL,NULL,'biała źrenica,\nutrata różowego refleksu z dna oka,\nzez,\nobniżenie ostrości wzroku,','Leucocoria – objaw białej źrenicy','Zaćma wrodzona',NULL),(57,17,1,'Woloocze','B','chorują dzieci do 3. roku życia, najczęściej noworodki, charakterystyczne duże oczy, tarcie oczu, zaciskanie powiek, łzawienie, obniżenie ostrości wzroku, światłowstręt, w badaniu palpacyjnym gałka oczna jest twarda i bolesna, przekrwienie gałki ocznej, zmniejszenie przezierności rogówki, częściej chorują chłopcy','orientacyjna ocena widzenia, palpacyjna ocena ciśnienia wewnątrzgałkowego, badanie gałki ocznej w świetle rozproszonym, w tym ocena szerokości źrenic i ich reakcji na światło',NULL,'assets/images/diseases/woloocze.jpg',NULL,NULL,NULL,NULL,NULL,'duże oczy,\ntarcie oczu,\nzaciskanie powiek,\nłzawienie,\nobniżenie ostrości wzroku,\nświatłowstręt,\ngałka oczna jest twarda i bolesna,\nprzekrwienie gałki ocznej,\nzmniejszenie przezierności rogówki,','Woloocze – jaskra wrodzona','Woloocze ze ścieńczeniem twardówki',NULL),(58,18,1,'Infekcja wirusowa Herpes-Zoster (ospa wietrzna,  półpasiec)','B','zaczerwienienie i obrzęk skóry powiek, rozlany ból powiek i głowy, charakterystyczne pęcherzykowate zmiany w obrębie skóry powiek i twarzy i/lub innych części ciała, zwykle bez pogorszenia ostrości wzroku, stany gorączkowe, osłabienie i bóle mięśniowe','ocena ostrości wzroku do dali, ocena powierzchni gałki ocznej i powiek w świetle rozproszonym, zaleca się podanie: maści zawierającej acyclovir na zmiany skórne 4x dziennie, ocznej maści zawierającej acyclovir na zmiany w obrębie powiek oraz do worka spojówkowego 4x dziennie, doustnie acycloviru w tabletkach 400 mg lub 800 mg (zależnie od nasilenia zmian) 5x dziennie, wskazana jest konsultacja okulistyczna','Jeżeli schorzeniu towarzyszą pogorszenie ostrości wzroku i ból oka, przypadek należy traktować w kategorii A',NULL,NULL,NULL,NULL,NULL,19,'zaczerwienienie i obrzęk skóry powiek,\nból powiek, ból powieki, ból głowy,\npęcherzykowate zmiany w obrębie skóry powiek i twarzy,\nstany gorączkowe,\nosłabienie i bóle mięśniowe,',NULL,NULL,NULL),(59,18,1,'Jęczmień','B','bolesność, obrzęk i zaczerwienienie powieki/ w obrębie powieki umiejscowiony bolesny guzek, ew. ropna wydzielina w worku spojówkowym, ww. objawom nie towarzyszy pogorszenie ostrości wzroku','ocena ostrości wzroku do dali, ocena powierzchni gałki ocznej i powiek w świetle rozproszonym, należy zastosować: suche, ciepłe okłady na powiekę, maść oczną i/lub krople zawierające antybiotyk i steroid na powiekę i do worka spojówkowego 4x dziennie minimum przez 7 dni (po jednej kropli)','Jeżeli po 4 dniach terapii nie dojdzie do poprawy, konieczna jest konsultacja okulistyczna',NULL,NULL,NULL,NULL,NULL,20,'ból powiek, ból powieki,  \nobrzęk powiek, obrzęk powieki,\nzaczerwienienie powiek, zaczerwienienie powieki,\nbolesny guzek,\nropna wydzielina,',NULL,NULL,NULL),(60,18,1,'Gradówka','B','obrzęk i zaczerwienienie powieki/bezbolesny guzek umiejscowiony w obrębie powieki, ew. ropna wydzielina w worku spojówkowym, nie stwierdza się pogorszenia ostrości wzroku','ocena ostrości wzroku do dali, ocena powierzchni gałki ocznej i powiek w świetle rozproszonym, zaleca się podanie: maści ocznej i/lub kropli zawierających antybiotyk i steroid na powiekę i do worka spojówkowego 4x dziennie minimum przez 7 dni (po jednej kropli)','Jeżeli po 4 dniach terapii nie dojdzie do poprawy, konieczna jest konsultacja okulistyczna',NULL,NULL,NULL,NULL,NULL,21,'obrzęk powiek, obrzęk powieki,\nzaczerwienienie powiek, zaczerwienienie powieki,\nbezbolesny guzek,\nropna wydzielina,',NULL,NULL,NULL),(61,18,1,'Zapalenie woreczka łzowego','B','bolesność, obrzęk i zaczerwienienie powieki dolnej poniżej kąta wewnętrznego/w obrębie powieki dolnej, poniżej kąta wewnętrznego umiejscowiony bolesny guzek, ropna wydzielina w worku spojówkowym, najczęściej dotyczy noworodków i małych niemowląt','ocena ostrości wzroku do dali, ocena powierzchni gałki ocznej i powiek w świetle rozproszonym, zaleca się podanie kropli zawierających antybiotyk 4x dziennie po 1 kropli, przez 7 dni i antybiotyku ogólnie, np. amoksycyliny z kwasem klawulanowym',NULL,NULL,NULL,NULL,NULL,NULL,22,'bolesność powieki dolnej, \nobrzęk powieki dolnej, \nzaczerwienienie powieki dolnej,\nbolesny guzek,\nropna wydzielina,',NULL,NULL,NULL),(62,18,1,'Alergiczne zapalenie tkanek oczodołu','B','ciastowaty obrzęk i zaczerwienienie powiek, dyskomfort – pieczenie, uczucie ciała obcego, swędzenie oczu i powiek, przekrwienie gałki ocznej, światłowstręt, łzawienie, wywiad w kierunku alergii, uczucie przepełnionej gałki ocznej (obrzęk spojówek)','ocena ostrości wzroku do dali, ocena powierzchni gałki ocznej i powiek w świetle rozproszonym, zaleca się podanie ogólnie leków przeciwalergicznych, preparatu antyhistaminowego w kroplach (nowej generacji) 2x dziennie po 1 kropli',NULL,NULL,NULL,NULL,NULL,NULL,24,'obrzęk powiek, obrzęk powieki,\nzaczerwienienie powiek, zaczerwienienie powieki,\npieczenie, \nuczucie ciała obcego,\nswędzenie,\nprzekrwienie gałki ocznej,\nświatłowstręt,\nłzawienie,\nuczucie przepełnionej gałki ocznej,',NULL,NULL,NULL),(63,18,1,'Naczyniaki','B','czerwone, wypukłe znamię w obrębie powiek, może dojść do opadnięcia powieki górnej','ocena ostrości wzroku do dali, ocena powierzchni gałki ocznej i powiek w świetle rozproszonym',NULL,NULL,NULL,NULL,NULL,NULL,NULL,'znamię w obrębie powiek,\nopadnięcie powieki górnej,',NULL,NULL,NULL),(64,19,1,'Wytrzeszcz','B','asymetria szerokości szpar powiekowych, wywiad w kierunku urazu i chorób ogólnych – np. chorób tarczycy, nowotworów i malformacji naczyniowych, uczucie przepełnionej gałki ocznej, może dojść do: przekrwienia gałki ocznej, zaburzenia ruchomości gałek ocznych – powstania zeza i dwojenia obrazu, pogorszenia widzenia','ocena ostrości wzroku do dali, ocena powierzchni gałki ocznej i powiek w świetle rozproszonym, ocena ruchomości gałek ocznych','Jeżeli początek objawów jest nagły, przypadek należy traktować w kategorii A',NULL,NULL,NULL,NULL,NULL,25,'asymetria szerokości szpar powiekowych,\nuczucie przepełnionej gałki ocznej,\nprzekrwienie gałki ocznej,\nzaburzenia ruchomości gałek ocznych,\nzez,\ndwojenie,\npogorszenie widzenia,',NULL,NULL,NULL),(65,20,1,'Dwojenie obrazu','B','zez, zaburzenia ruchomości gałek ocznych, może dojść do wytrzeszczu i opadnięcia powieki górnej, wywiad w kierunku urazu i chorób ogólnych','ocena ostrości wzroku do dali, ocena ruchomości gałek ocznych, ocena reakcji źrenic na światło','Jeżeli początek objawów jest nagły, przypadek należy traktować w kategorii A',NULL,NULL,NULL,NULL,NULL,26,'zez,\nzaburzenia ruchomości gałek ocznych,\nwytrzeszcz,\nopadnięcie powieki górnej,',NULL,NULL,NULL),(66,21,1,'Gałka oczna','B','przewlekły, rozlany obrzęk spojówek, zmiana kształtu źrenicy, utrata różowego refleksu z dna oka, „biała źrenica”, towarzyszące schorzeniu pogorszenie ostrości wzroku, może dojść do opadnięcia powieki górnej i bólu gałki ocznej','ocena ostrości wzroku do dali, ocena powierzchni gałki ocznej i powiek w świetle rozproszonym, ocena refleksu z dna oka, ocena ruchomości gałek ocznych, konfrontacyjna ocena pola widzenia, zaleca się konsultacje okulistyczną i neurologiczną',NULL,NULL,NULL,NULL,NULL,NULL,28,'obrzęk spojówek,\nzmiana kształtu źrenicy,\nutrata różowego refleksu z dna oka,\nbiała źrenica,\npogorszenie ostrości wzroku,\nopadnięcie powieki górnej,\nból gałki ocznej,',NULL,NULL,NULL),(67,21,1,'Droga wzrokowa w odcinku pozagałkowym, zmiany w OUN','B','pogorszenie ostrości wzroku, może dojść do wytrzeszczu, zeza i dwojenia, zaburzenie reakcji źrenic na światło, pole widzenia może być ograniczone zarówno w jednym oku, jak i w obojgu oczach, bóle głowy, nudności i wymioty – typowo w godzinach porannych',NULL,NULL,NULL,NULL,NULL,NULL,NULL,29,'pogorszenie ostrości wzroku,\nwytrzeszcz, \nzez,\ndwojenie,\nzaburzenie reakcji źrenic,\nograniczenie pola widzenia,\nbóle głowy, \nnudności i wymioty,',NULL,NULL,NULL),(68,22,1,'Wady refrakcji','C','pogorszenie ostrości wzroku do dali, mrużenie oczu w celu poprawy widzenia, mogą się pojawić: zez, bóle głowy i oczu','ocena ostrości wzroku do dali, zaleca się wykonanie „cover testu” i konsultację okulistyczną',NULL,NULL,NULL,NULL,NULL,NULL,30,'pogorszenie ostrości wzroku,\nmrużenie oczu,\nzez, \nbóle głowy,\nból oka, ból oczu,',NULL,NULL,NULL),(69,23,1,'Zez','C','nieprawidłowe ustawienie gałek ocznych zbieżnie lub rozbieżnie, bóle głowy odczuwane podczas czytania, może dojść do dwojenia i pogorszenia ostrości wzroku, zwłaszcza w oku zezującym','ocena ostrości wzroku do dali, wykonanie „cover testu”, ocena ruchomości gałek ocznych i dwojenia, ocena refleksu z dna oka, zaleca się konsultację okulistyczną Uwaga! Jeżeli początek objawów jest nagły, przypadek należy traktować w kategorii A',NULL,NULL,NULL,NULL,NULL,NULL,NULL,'nieprawidłowe ustawienie gałek ocznych,\nbóle głowy,\ndwojenie,\npogorszenie ostrości wzroku,',NULL,NULL,NULL),(70,24,1,'Wirusowe zapalenie spojówek i rogówki','A','dyskomfort – pieczenie, ból, uczucie ciała obcego, przekrwienie gałki ocznej, światłowstręt, łzawienie, surowicza wydzielina, wywiad w kierunku infekcji górnych dróg oddechowych, obrzęk i zaczerwienienie powiek, dolegliwości występują nagle','ocena ostrości wzroku do dali, zaleca się zdjęcie soczewek kontaktowych z obojga oczu i ich zabezpieczenie do ewentualnych badań bakteriologicznych, ocena powierzchni gałki ocznej i powiek w świetle rozproszonym, zaleca się podanie kropli zawierających antybiotyk 4x dziennie po 1 kropli przez 7 dni','Jeżeli po 4 dniach przyjmowania leku nie dojdzie do poprawy, konieczna jest konsultacja okulistyczna, a przypadek należy traktować w kategorii B','assets/images/diseases/wirusowe-zapalenie-spojowek-child.jpg',NULL,NULL,NULL,NULL,34,'pieczenie, \nuczucie ciała obcego,\nprzekrwienie gałki ocznej,\nświatłowstręt,\nłzawienie,\nsurowicza wydzielina,\nobrzęk powiek, obrzęk powieki,\nzaczerwienienie powiek, zaczerwienienie powieki,','Wirusowe (drzewkowate) zapalenie rogówki – barwienie floresceiną',NULL,NULL),(71,24,1,'Bakteryjne zapalenie spojówek','C','dyskomfort – pieczenie, ból, uczucie ciała obcego w gałce ocznej, przekrwienie gałki ocznej, światłowstręt, łzawienie, wywiad w kierunku infekcji górnych dróg oddechowych i użytkowania soczewek kontaktowych, ropna wydzielina w worku spojówkowym i na rzęsach, dolegliwości występują nagle. Uwaga! Jeżeli mamy do czynienia z nawracającymi zapaleniami u małych dzieci –patrz rozdział niedrożność dróg łzowych','ocena ostrości wzroku do dali, zaleca się zdjęcie soczewek kontaktowych z obojga oczu i ich zabezpieczenie do ewentualnych badań bakteriologicznych, ocena powierzchni oka i powiek w świetle rozproszonym, zaleca się płukanie gałki ocznej solą fizjologiczną, a następnie wpuszczenie kropli zawierających antybiotyk – 4x dziennie po 1 kropli przez 7 dni','Jeżeli po 4 dniach przyjmowania leku nie dojdzie do poprawy, konieczna jest konsultacja okulistyczna, a przypadek należy traktować w kategorii B','assets/images/diseases/bakteryjne-zapalenie-spojowek-child.jpg',NULL,NULL,NULL,NULL,35,'pieczenie, \nuczucie ciała obcego,\nprzekrwienie gałki ocznej,\nświatłowstręt,\nłzawienie,\nropna wydzielina,','Bakteryjne zapalenie spojówek',NULL,NULL),(72,24,1,'Alergiczne zapalenie spojówek','C','dyskomfort – pieczenie, uczucie ciała obcego, swędzenie oczu i powiek, przekrwienie gałki ocznej, światłowstręt, łzawienie, wywiad w kierunku alergii, uczucie przepełnionej gałki ocznej (obrzęk spojówek), obrzęk i zaczerwienienie powiek','ocena ostrości wzroku do dali, zaleca się zdjęcie soczewek kontaktowych z obojga oczu i ich zabezpieczenie do ewentualnych badań bakteriologicznych, ocena powierzchni gałki ocznej i powiek w świetle rozproszonym, zaleca się podanie: preparatu antyhistaminowego w kroplach (nowej generacji) 2x dziennie po 1 kropli, ogólnie działających leków przeciwalergicznych, preparatów sztucznych łez, które nie zawierają konserwantów, 4x dziennie po 1 kropli','Jeżeli po 4 dniach przyjmowania leku nie dojdzie do poprawy, konieczna jest konsultacja okulistyczna, a przypadek należy traktować w kategorii B','assets/images/diseases/alergiczne-zapalenie-spojowek-child.jpg',NULL,NULL,NULL,NULL,36,'pieczenie, \nuczucie ciała obcego,\nswędzenie,\nprzekrwienie gałki ocznej,\nświatłowstręt,\nłzawienie,\nuczucie przepełnionej gałki ocznej,\nobrzęk powiek, obrzęk powieki, \nzaczerwienienie powiek, zaczerwienienie powieki,','Alergiczne zapalenie spojówek – brodawki na spojówce powieki górnej',NULL,NULL),(73,25,1,'Zespół suchego oka','C','pieczenie, łzawienie, uczucie suchości i piasku pod powiekami, światłowstręt, przemijające pogorszenie widzenia, niewielkie zaczerwienienie gałek ocznych, wywiad w kierunku pracy wzrokowej (pracy przy monitorze i w warunkach klimatyzacji), użytkowania soczewek kontaktowych, chorób ogólnych takich jak cukrzyca, choroby reumatyczne, choroby tarczycy i choroby z autoagresji','ocena ostrości wzroku do dali, ocena powierzchni gałki ocznej i powiek w świetle rozproszonym, zaleca się podanie preparatów sztucznych łez, które nie zawierają konserwantów – 4–5x dziennie po 1 kropli',NULL,'assets/images/diseases/zespol-suchego-oka-child.jpg',NULL,NULL,NULL,NULL,38,'pieczenie, \nłzawienie,\nuczucie suchości i piasku pod powiekami,\nświatłowstręt,\npogorszenie widzenia,\nzaczerwienienie gałek ocznych,','Zespół suchego oka – barwienie punktowate rogówki fluoresceiną',NULL,NULL),(74,25,1,'Zaburzenia drożności dróg łzowych','C','występują głównie u niemowląt i małych dzieci z charakterystycznym objawem „stojącej łzy”, łzawienie, niewielkie zaczerwienienie gałek ocznych, wydzielina ropna w kącie przyśrodkowym wydobywająca się wskutek ucisku na okolicę woreczka łzowego, przewlekłe nawracające zapalenia spojówek','ocena powierzchni gałek ocznych i powiek w świetle rozproszonym, należy zastosować masaż okolicy woreczka łzowego 4x dziennie (od kąta przyśrodkowego ku dołowi) oraz płukanie gałki ocznej solą fizjologiczną, zanim zostaną wpuszczone krople zawierające antybiotyk (4x dziennie po 1 kropli przez 7 dni), wskazane są: konsultacja okulistyczna i ewentualna kwalifikacja do zabiegu udrożnienia dróg łzowych',NULL,NULL,NULL,NULL,NULL,NULL,39,'stojąca łza,\nłzawienie,\nzaczerwienienie gałek ocznych,\nwydzielina ropna w kącie przyśrodkowym,\nzapalenie spojówek,',NULL,NULL,NULL);
/*!40000 ALTER TABLE `disease` ENABLE KEYS */;
UNLOCK TABLES;

--
-- Table structure for table `disease_category`
--

DROP TABLE IF EXISTS `disease_category`;
/*!40101 SET @saved_cs_client     = @@character_set_client */;
/*!40101 SET character_set_client = utf8 */;
CREATE TABLE `disease_category` (
  `id` int(11) NOT NULL AUTO_INCREMENT,
  `patient_id` int(11) DEFAULT NULL,
  `name` varchar(255) COLLATE utf8_unicode_ci NOT NULL,
  `hash` varchar(255) COLLATE utf8_unicode_ci NOT NULL,
  PRIMARY KEY (`id`),
  KEY `IDX_9D29B4A46B899279` (`patient_id`),
  CONSTRAINT `FK_9D29B4A46B899279` FOREIGN KEY (`patient_id`) REFERENCES `patient_category` (`id`)
) ENGINE=InnoDB AUTO_INCREMENT=26 DEFAULT CHARSET=utf8 COLLATE=utf8_unicode_ci;
/*!40101 SET character_set_client = @saved_cs_client */;

--
-- Dumping data for table `disease_category`
--

LOCK TABLES `disease_category` WRITE;
/*!40000 ALTER TABLE `disease_category` DISABLE KEYS */;
INSERT INTO `disease_category` VALUES (1,2,'Urazy','injured'),(2,2,'Bolesne „czerwone oko” i jednoczesne pogorszenie ostrości wzroku','red_eye'),(3,2,'Nagłe pogorszenie ostrości wzroku bez objawów „czerwonego oka”','without_red_eye'),(4,2,'Objawy okulistyczne sugerujące nagły stan neurologiczny','neurological'),(5,2,'Obrzęki powiek','eye_lid'),(6,2,'Wytrzesz','eye_blow'),(7,2,'Dwojenie obrazu','duble_screen'),(8,2,'Schorzenia, których objawy wymagają różnicowania z chorobami nowotworowymi','canser'),(9,2,'Stopniowe pogorszenie ostrości wzroku','eye_bad'),(10,2,'„Czerwone oko” bez jednoczesnego pogorszenia ostrości wzroku','red_eye_c'),(11,2,'Łzawienie','lachrymation'),(12,2,'Zaburzenia widzenia, które nie mają wpływu na ostrość wzroku','eye_bad_sharp'),(13,1,'Urazy','injured_child'),(14,1,'Bolesne „czerwone oko” i jednoczesne znaczne pogorszenie ostrości wzroku',''),(15,1,'Objawy okulistyczne sugerujące nagły stan neurologiczny',''),(16,1,'Nagłe pogorszenie ostrości wzroku bez objawów „czerwonego oka”',''),(17,1,'Objawy oczne wymagające konsultacji okulistycznej',''),(18,1,'Obrzęki powiek',''),(19,1,'Wytrzeszcz',''),(20,1,'Dwojenie obrazu',''),(21,1,'Schorzenia, których objawy wymagają różnicowania z chorobami nowotworowymi',''),(22,1,'Pogorszenie ostrości wzroku',''),(23,1,'Zez',''),(24,1,'„Czerwone oko” bez jednoczesnego pogorszenia ostrości wzroku',''),(25,1,'Łzawienie','');
/*!40000 ALTER TABLE `disease_category` ENABLE KEYS */;
UNLOCK TABLES;

--
-- Table structure for table `fos_user`
--

DROP TABLE IF EXISTS `fos_user`;
/*!40101 SET @saved_cs_client     = @@character_set_client */;
/*!40101 SET character_set_client = utf8 */;
CREATE TABLE `fos_user` (
  `id` int(11) NOT NULL AUTO_INCREMENT,
  `username` varchar(255) COLLATE utf8_unicode_ci NOT NULL,
  `username_canonical` varchar(255) COLLATE utf8_unicode_ci NOT NULL,
  `email` varchar(255) COLLATE utf8_unicode_ci NOT NULL,
  `email_canonical` varchar(255) COLLATE utf8_unicode_ci NOT NULL,
  `enabled` tinyint(1) NOT NULL,
  `salt` varchar(255) COLLATE utf8_unicode_ci NOT NULL,
  `password` varchar(255) COLLATE utf8_unicode_ci NOT NULL,
  `last_login` datetime DEFAULT NULL,
  `locked` tinyint(1) NOT NULL,
  `expired` tinyint(1) NOT NULL,
  `expires_at` datetime DEFAULT NULL,
  `confirmation_token` varchar(255) COLLATE utf8_unicode_ci DEFAULT NULL,
  `password_requested_at` datetime DEFAULT NULL,
  `roles` longtext COLLATE utf8_unicode_ci NOT NULL COMMENT '(DC2Type:array)',
  `credentials_expired` tinyint(1) NOT NULL,
  `credentials_expire_at` datetime DEFAULT NULL,
  PRIMARY KEY (`id`),
  UNIQUE KEY `UNIQ_957A647992FC23A8` (`username_canonical`),
  UNIQUE KEY `UNIQ_957A6479A0D96FBF` (`email_canonical`)
) ENGINE=InnoDB AUTO_INCREMENT=2 DEFAULT CHARSET=utf8 COLLATE=utf8_unicode_ci;
/*!40101 SET character_set_client = @saved_cs_client */;

--
-- Dumping data for table `fos_user`
--

LOCK TABLES `fos_user` WRITE;
/*!40000 ALTER TABLE `fos_user` DISABLE KEYS */;
INSERT INTO `fos_user` VALUES (1,'admin','admin','agata.menesiak@nuorder.pl','agata.menesiak@nuorder.pl',1,'ifhf2daog1wgk04kg0w4ksog408wk44','$2y$13$ifhf2daog1wgk04kg0w4kei2Wju.LdqMwLhZEWgeNv6kOzyETtZRW','2016-09-28 19:57:49',0,0,NULL,NULL,NULL,'a:1:{i:0;s:10:\"ROLE_ADMIN\";}',0,NULL);
/*!40000 ALTER TABLE `fos_user` ENABLE KEYS */;
UNLOCK TABLES;

--
-- Table structure for table `patient_category`
--

DROP TABLE IF EXISTS `patient_category`;
/*!40101 SET @saved_cs_client     = @@character_set_client */;
/*!40101 SET character_set_client = utf8 */;
CREATE TABLE `patient_category` (
  `id` int(11) NOT NULL AUTO_INCREMENT,
  `name` varchar(255) COLLATE utf8_unicode_ci NOT NULL,
  `hash` varchar(255) COLLATE utf8_unicode_ci NOT NULL,
  PRIMARY KEY (`id`)
) ENGINE=InnoDB AUTO_INCREMENT=3 DEFAULT CHARSET=utf8 COLLATE=utf8_unicode_ci;
/*!40101 SET character_set_client = @saved_cs_client */;

--
-- Dumping data for table `patient_category`
--

LOCK TABLES `patient_category` WRITE;
/*!40000 ALTER TABLE `patient_category` DISABLE KEYS */;
INSERT INTO `patient_category` VALUES (1,'Dziecko','child'),(2,'Dorosły','adult');
/*!40000 ALTER TABLE `patient_category` ENABLE KEYS */;
UNLOCK TABLES;

--
-- Table structure for table `symptom`
--

DROP TABLE IF EXISTS `symptom`;
/*!40101 SET @saved_cs_client     = @@character_set_client */;
/*!40101 SET character_set_client = utf8 */;
CREATE TABLE `symptom` (
  `id` int(11) NOT NULL AUTO_INCREMENT,
  `name` varchar(255) COLLATE utf8_unicode_ci NOT NULL,
  `patient_id` int(11) NOT NULL,
  PRIMARY KEY (`id`)
) ENGINE=InnoDB AUTO_INCREMENT=1796 DEFAULT CHARSET=utf8 COLLATE=utf8_unicode_ci;
/*!40101 SET character_set_client = @saved_cs_client */;

--
-- Dumping data for table `symptom`
--

LOCK TABLES `symptom` WRITE;
/*!40000 ALTER TABLE `symptom` DISABLE KEYS */;
INSERT INTO `symptom` VALUES (1628,'ból oka',1),(1629,'ból oczu',1),(1630,'pogorszenie ostrości wzroku',1),(1631,'uszkodzenie struktur gałki ocznej',1),(1632,'łzawienie',1),(1633,'pieczenie',1),(1634,'zaczerwienienie gałek ocznych',1),(1635,'ból gałki',1),(1636,'ból gałek ocznych',1),(1637,'wylew podspojówkowy',1),(1638,'uczucie ciała obcego',1),(1639,'ból gałki ocznej',1),(1640,'przekrwienie gałki ocznej',1),(1641,'światłowstręt',1),(1642,'tarcie oczu',1),(1643,'krwiak okularowy',1),(1644,'zaburzeń ruchomości gałki ocznej',1),(1645,'dwojenie',1),(1646,'zaburzenia ruchomości źrenicy',1),(1647,'rana',1),(1648,'wylew krwi w obrębie powieki',1),(1649,'obniżenie ostrości wzroku',1),(1650,'wąska i sztywna źrenica',1),(1651,'zmniejszenie przezierności rogówki',1),(1652,'obrzęk powiek',1),(1653,'obrzęk powieki',1),(1654,'zaczerwienienie powiek',1),(1655,'zaczerwienienie powieki',1),(1656,'ucieplenie oraz napięcie skóry powiek',1),(1657,'chory nie może otworzyć powiek',1),(1658,'opadnięcie powieki górnej',1),(1659,'zez',1),(1660,'zaburzenia ruchomości gałek ocznych',1),(1661,'zaburzenia widzenia',1),(1662,'ograniczenie pola widzenia',1),(1663,'zaburzenia reakcji źrenic',1),(1664,'różne szerokości źrenic obojga oczu',1),(1665,'ból głowy',1),(1666,'zawroty głowy',1),(1667,'nudności i wymioty',1),(1668,'zaniewidzenie',1),(1669,'wrażenie ciemnej centralnej plamy przed okiem',1),(1670,'zaburzenia widzenia barw',1),(1671,'błyski przed okiem',1),(1672,'uraz',1),(1673,'wady refrakcji',1),(1674,'ciemne punkty w polu widzenia',1),(1675,'biała źrenica',1),(1676,'utrata różowego refleksu z dna oka',1),(1677,'duże oczy',1),(1678,'zaciskanie powiek',1),(1679,'gałka oczna jest twarda i bolesna',1),(1680,'zaczerwienienie i obrzęk skóry powiek',1),(1681,'ból powiek',1),(1682,'ból powieki',1),(1683,'pęcherzykowate zmiany w obrębie skóry powiek i twarzy',1),(1684,'stany gorączkowe',1),(1685,'osłabienie i bóle mięśniowe',1),(1686,'bolesny guzek',1),(1687,'ropna wydzielina',1),(1688,'bezbolesny guzek',1),(1689,'bolesność powieki dolnej',1),(1690,'obrzęk powieki dolnej',1),(1691,'zaczerwienienie powieki dolnej',1),(1692,'swędzenie',1),(1693,'uczucie przepełnionej gałki ocznej',1),(1694,'znamię w obrębie powiek',1),(1695,'asymetria szerokości szpar powiekowych',1),(1696,'pogorszenie widzenia',1),(1697,'wytrzeszcz',1),(1698,'obrzęk spojówek',1),(1699,'zmiana kształtu źrenicy',1),(1700,'zaburzenie reakcji źrenic',1),(1701,'bóle głowy',1),(1702,'mrużenie oczu',1),(1703,'nieprawidłowe ustawienie gałek ocznych',1),(1704,'surowicza wydzielina',1),(1705,'uczucie suchości i piasku pod powiekami',1),(1706,'stojąca łza',1),(1707,'wydzielina ropna w kącie przyśrodkowym',1),(1708,'zapalenie spojówek',1),(1709,'ból gałki',2),(1710,'ból gałek ocznych',2),(1711,'pogorszenie ostrości wzroku',2),(1712,'uszkodzenie struktur gałki ocznej',2),(1713,'światłowstręt',2),(1714,'łzawienie',2),(1715,'przekrwienie gałki ocznej',2),(1716,'wylew podspojówkowy',2),(1717,'zaburzeń ruchomości gałki ocznej',2),(1718,'dwojenie',2),(1719,'zaburzeń ruchomości źrenicy',2),(1720,'rana',2),(1721,'wylew krwi w obrębie powieki',2),(1722,'ból głowy',2),(1723,'nudności i wymioty',2),(1724,'obniżenie ostrości wzroku',2),(1725,'tęczowe koła wokół źródeł światła',2),(1726,'gałka oczna jest twarda',2),(1727,'wady refrakcji',2),(1728,'zmniejszenie przezierności rogówki',2),(1729,'źrenica jest szeroka i sztywna',2),(1730,'źrenica jest wąska i sztywna',2),(1731,'zaniewidzenie',2),(1732,'bóle mięśniowe',2),(1733,'bóle odczuwane podczas żucia',2),(1734,'osłabienie i utrata masy ciała',2),(1735,'wrażenie ciemnej centralnej plamy przed okiem',2),(1736,'zaburzenia widzenia barw',2),(1737,'ból odczuwany podczas ruchów gałki ocznej',2),(1738,'zaburzenia odruchów źrenicznych',2),(1739,'ograniczenie pola widzenia',2),(1740,'błyski przed okiem',2),(1741,'ciemne pływające punkty',2),(1742,'wrażenie centralnej białoszarej plamy przed okiem',2),(1743,'krzywienie się obrazu',2),(1744,'łamanie się liter',2),(1745,'opadnięcie powieki górnej',2),(1746,'zez',2),(1747,'zaburzenia ruchomości gałek ocznych',2),(1748,'zaburzenia widzenia',2),(1749,'zaburzenia reakcji źrenic na światło',2),(1750,'zawroty głowy',2),(1751,'zaczerwienienie powiek',2),(1752,'zaczerwienienie powieki',2),(1753,'obrzęk powiek',2),(1754,'obrzęk powieki',2),(1755,'ból powiek',2),(1756,'zaburzenie czucia powierzchownego skóry',2),(1757,'pęcherzykowate zmiany',2),(1758,'bolesny guzek w obrębie powieki',2),(1759,'ropna wydzielina',2),(1760,'bezbolesny guzek w obrębie powieki',2),(1761,'obrzęk i zaczerwienienie powieki dolnej',2),(1762,'bolesny guzek w obrębie powieki dolnej',2),(1763,'napięcie skóry skóry powiek',2),(1764,'trudności w otwieraniu powiek \nbrak możliwości otwarcia powiek',2),(1765,'pieczenie',2),(1766,'uczucie ciała obcego',2),(1767,'swędzenie oczu i powiek',2),(1768,'asymetria szerokości szpar powiekowych',2),(1769,'uczucie przepełnionej gałki ocznej',2),(1770,'wytrzeszcz',2),(1771,'owrzodzenia',2),(1772,'gradówki',2),(1773,'zmiany rozrostowe',2),(1774,'obrzęk spojówek',2),(1775,'nieprawidłowe ustawienie brzegu powiek',2),(1776,'zmiana kształtu źrenicy',2),(1777,'utrata różowego refleksu z dna oka',2),(1778,'„biała źrenica”',2),(1779,'ograniczenie pola widzenia\nzaburzenie równowagi',2),(1780,'mrużenie oczu',2),(1781,'ból gałki ocznej',2),(1782,'wrażenie centralnej białej plamy przed okiem',2),(1783,'wrażenie „mgły” przed okiem',2),(1784,'zmiana wady refrakcji',2),(1785,'objaw Raynauda i migreny',2),(1786,'zjawisko „halo” wokół źródeł światła',2),(1787,'surowicza wydzielina',2),(1788,'obrzęk powiek/powieki',2),(1789,'zaczerwienienie powiek/powieki',2),(1790,'zaczerwienienie gałki ocznej',2),(1791,'wylew krwi w obrębie spojówki',2),(1792,'uczucie suchości i piasku pod powiekami',2),(1793,'pogorszenie widzenia',2),(1794,'nawracające zapalenia spojówek',2),(1795,'pogrubienie brzegów powiek',2);
/*!40000 ALTER TABLE `symptom` ENABLE KEYS */;
UNLOCK TABLES;

--
-- Dumping routines for database 'poradnik_oko'
--
/*!40103 SET TIME_ZONE=@OLD_TIME_ZONE */;

/*!40101 SET SQL_MODE=@OLD_SQL_MODE */;
/*!40014 SET FOREIGN_KEY_CHECKS=@OLD_FOREIGN_KEY_CHECKS */;
/*!40014 SET UNIQUE_CHECKS=@OLD_UNIQUE_CHECKS */;
/*!40101 SET CHARACTER_SET_CLIENT=@OLD_CHARACTER_SET_CLIENT */;
/*!40101 SET CHARACTER_SET_RESULTS=@OLD_CHARACTER_SET_RESULTS */;
/*!40101 SET COLLATION_CONNECTION=@OLD_COLLATION_CONNECTION */;
/*!40111 SET SQL_NOTES=@OLD_SQL_NOTES */;

-- Dump completed on 2016-12-05 19:03:03
