-- MySQL dump 10.13  Distrib 5.5.47, for debian-linux-gnu (x86_64)
--
-- Host: localhost    Database: poradnia
-- ------------------------------------------------------
-- Server version	5.5.47-0ubuntu0.14.04.1

/*!40101 SET @OLD_CHARACTER_SET_CLIENT=@@CHARACTER_SET_CLIENT */;
/*!40101 SET @OLD_CHARACTER_SET_RESULTS=@@CHARACTER_SET_RESULTS */;
/*!40101 SET @OLD_COLLATION_CONNECTION=@@COLLATION_CONNECTION */;
/*!40101 SET NAMES utf8 */;
/*!40103 SET @OLD_TIME_ZONE=@@TIME_ZONE */;
/*!40103 SET TIME_ZONE='+00:00' */;
/*!40014 SET @OLD_UNIQUE_CHECKS=@@UNIQUE_CHECKS, UNIQUE_CHECKS=0 */;
/*!40014 SET @OLD_FOREIGN_KEY_CHECKS=@@FOREIGN_KEY_CHECKS, FOREIGN_KEY_CHECKS=0 */;
/*!40101 SET @OLD_SQL_MODE=@@SQL_MODE, SQL_MODE='NO_AUTO_VALUE_ON_ZERO' */;
/*!40111 SET @OLD_SQL_NOTES=@@SQL_NOTES, SQL_NOTES=0 */;

--
-- Table structure for table `disease`
--

DROP TABLE IF EXISTS `disease`;
/*!40101 SET @saved_cs_client     = @@character_set_client */;
/*!40101 SET character_set_client = utf8 */;
CREATE TABLE `disease` (
  `id` int(11) NOT NULL AUTO_INCREMENT,
  `category_id` int(11) DEFAULT NULL,
  `name` varchar(255) COLLATE utf8_unicode_ci NOT NULL,
  `type` varchar(1) COLLATE utf8_unicode_ci NOT NULL,
  `symptoms` longtext COLLATE utf8_unicode_ci,
  `recommendation` longtext COLLATE utf8_unicode_ci,
  `comments` longtext COLLATE utf8_unicode_ci,
  `picture1` varchar(255) COLLATE utf8_unicode_ci DEFAULT NULL,
  `picture2` varchar(255) COLLATE utf8_unicode_ci DEFAULT NULL,
  `picture3` varchar(255) COLLATE utf8_unicode_ci DEFAULT NULL,
  `patient_id` int(11) DEFAULT NULL,
  PRIMARY KEY (`id`),
  KEY `IDX_F3B6AC112469DE2` (`category_id`),
  KEY `IDX_F3B6AC16B899279` (`patient_id`),
  CONSTRAINT `FK_F3B6AC112469DE2` FOREIGN KEY (`category_id`) REFERENCES `disease_category` (`id`),
  CONSTRAINT `FK_F3B6AC16B899279` FOREIGN KEY (`patient_id`) REFERENCES `patient_category` (`id`)
) ENGINE=InnoDB AUTO_INCREMENT=42 DEFAULT CHARSET=utf8 COLLATE=utf8_unicode_ci;
/*!40101 SET character_set_client = @saved_cs_client */;

--
-- Dumping data for table `disease`
--

LOCK TABLES `disease` WRITE;
/*!40000 ALTER TABLE `disease` DISABLE KEYS */;
INSERT INTO `disease` VALUES (1,1,'Perforujące gałkę oczną','A','wywiad w kierunku urazu, silny ból gałki ocznej, pogorszenie ostrości wzroku, uszkodzenie struktur gałki ocznej widoczne w świetle rozproszonym','ocena ostrości wzroku do dali, trzeba zasłonić gałkę oczną jałowym opatrunkiem, pacjenta należy pilnie odesłać na ostry dyżur okulistyczny','Nie można uciskać gałki ocznej','assets/images/diseases/perforujace-galke-oczna.jpg','','',2),(2,1,'Oparzenia chemiczne i termiczne','A','wywiad w kierunku oparzenia (rodzaj substancji – kwas czy zasada, temperatura, światło UV np. spawacze i użytkownicy solarium), silny ból gałki ocznej, pogorszenie ostrości wzroku, światłowstręt, łzawienie','ocena ostrości wzroku do dali, płukanie worka spojówkowego solą fizjologiczną, w przypadku oparzenia kwasem lub zasadą płukanie worka spojówkowego minimum 500 ml 0,9% NaCl, pacjenta należy pilnie odesłać na ostry dyżur okulistyczny','Nie można zakładać opatrunku na chorą gałkę oczną','assets/images/diseases/oparzenie-chemiczne.jpg',NULL,NULL,2),(3,1,'Ciało obce powierzchni oka','A','wywiad w kierunku urazu, zwłaszcza powstałego wskutek spawania, szlifowania, kucia metalu i rąbania drewna, uczucie ciała obcego, silny ból i przekrwienie gałki ocznej, światłowstręt, łzawienie','należy odwinąć powiekę górną i podać do worka spojówkowego 1–2 krople środka znieczulającego oraz fluoresceiny, ocena barwienia rogówki w świetle rozproszonym lub z zastosowaniem filtra kobaltowego (niebieskiego), jeśli na powierzchni gałki ocznej lub pod powieką górną jest widoczne poruszające się podczas mrugnięć ciało obce – należy worek spojówkowy wypłukać solą fizjologiczną, ew. usunąć ciało obce jałowym gazikiem, jeśli na powierzchni gałki ocznej jest widoczne nieporuszające się podczas mrugnięć ciało obce – należy worek spojówkowy wypłukać solą fizjologiczną, unikać jakichkolwiek manipulacji i odesłać pacjenta na ostry dyżur okulistyczny, w każdym przypadku do worka spojówkowego trzeba podać kroplę antybiotyku',NULL,'assets/images/diseases/cialo-obce-rogowki.jpg',NULL,NULL,2),(4,1,'Ciało obce wewnątrzgałkowe','A','wywiad w kierunku urazu – zwłaszcza powstałego wskutek spawania, szlifowania, kucia metalu i rąbania drewna, silny ból gałki ocznej, możliwe są: znaczne pogorszenie ostrości wzroku i wylew podspojówkowy','ocena ostrości wzroku do dali, RTG oczodołów, trzeba zasłonić gałkę oczną jałowym opatrunkiem, pacjenta należy pilnie odesłać na ostry dyżur okulistyczny','Nie można uciskać gałki ocznej','assets/images/diseases/cialo-obce-w-komorze-przedniej.jpg','assets/images/diseases/cialo-obce-wbite-w-galke-oczna.jpg',NULL,2),(5,1,'Uraz tępy','A','wywiad w kierunku urazu (np. uderzenie pięścią czy aktywność sportowa), może dojść do: pogorszenia ostrości wzroku, powstania krwiaka okularowego i wylewu podspojówkowego, zaburzeń ruchomości gałki ocznej, dwojenia, zaburzeń ruchomości źrenicy (szeroka źrenica)','ocena ostrości wzroku do dali, RTG oczodołów, badanie gałki ocznej w świetle rozproszonym – w tym ocena szerokości źrenicy i jej reakcji na światło, pacjenta należy pilnie odesłać na ostry dyżur okulistyczny',NULL,'assets/images/diseases/uraz-tepy-krew-w-komorze-przedniej.jpg',NULL,NULL,2),(6,1,'Urazy powiek','A','Wywiad w kierunku urazu, widoczna rana/wylew krwi w obrębie powieki','worek spojówkowy należy wypłukać solą fizjologiczną i podać maść zawierającą antybiotyk, gałkę oczną trzeba zasłonić jałowym opatrunkiem, pacjenta należy pilnie odesłać na ostry dyżur okulistyczny',NULL,'assets/images/diseases/uraz-powieki.jpg',NULL,NULL,2),(7,2,'Ostry atak jaskry','A','ból gałki ocznej i głowy, nudności i wymioty, obniżenie ostrości wzroku, światłowstręt, tęczowe koła wokół źródeł światła, w badaniu palpacyjnym bolesna gałka oczna jest twarda przekrwienie gałki ocznej, zmniejszenie przezierności rogówki, źrenica jest szeroka i sztywna wywiad rodzinny dotyczący jaskry, wada refrakcji – nadwzroczność (soczewki okularowe plusowe)','ocena ostrości wzroku do dali, palpacyjna ocena ciśnienia wewnątrzgałkowego, badanie gałki ocznej w świetle rozproszonym, w tym ocena szerokości źrenicy i jej reakcji na światło, należy podać 2 tabletki diuramidu doustnie oraz 1–2 krople 2% pilocarpiny do worka spojówkowego, pacjenta należy pilnie odesłać na ostry dyżur okulistyczny',NULL,'assets/images/diseases/ostry-atak-jaskry.jpg',NULL,NULL,2),(8,2,'Ostre zapalenie tęczówki','A','ból gałki ocznej, obniżenie ostrości wzroku, światłowstręt, przekrwienie gałki ocznej źrenica jest wąska i sztywna wywiad w kierunku chorób ogólnych, np. reumatycznych','ocena ostrości wzroku do dali, palpacyjna ocena ciśnienia wewnątrzgałkowego, badanie gałki ocznej w świetle rozproszonym, w tym ocena szerokości źrenicy i jej reakcji na światło, pacjenta należy pilnie odesłać na ostry dyżur okulistyczny',NULL,'assets/images/diseases/ostre-zapalenie-teczowki.jpg',NULL,NULL,2),(9,2,'Owrzodzenie rogówki','A','wywiad w kierunku urazu i użytkowania soczewek kontaktowych, silny ból gałki ocznej, obniżenie ostrości wzroku, światłowstręt, przekrwienie gałki ocznej, zmniejszona przezierność rogówki','ocena ostrości wzroku do dali, zaleca się zdjęcie soczewek kontaktowych z obojga oczu oraz ich zabezpieczenie do ewentualnych badań bakteriologicznych, pacjenta należy pilnie odesłać na ostry dyżur okulistyczny','Nie wolno podawać antybiotyków do worka spojówkowego, zanim lekarz okulista nie pobierze posiewów','assets/images/diseases/owrzodzenie-rogowki.jpg',NULL,NULL,2),(10,2,'Erozja rogówki','A','wywiad w kierunku urazu, np. gałązką, palcem, kosmetykiem, wywiad w kierunku noszenia soczewek kontaktowych, ból gałki ocznej, możliwe obniżenie ostrości wzroku, światłowstręt, przekrwienie gałki ocznej','ocena ostrości wzroku do dali, zaleca się zdjęcie soczewek kontaktowych z obojga oczu oraz ich zabezpieczenie do ewentualnych badań bakteriologicznych, do worka spojówkowego należy podać 1–2 krople środka znieczulającego oraz fluoresceiny, ocena barwienia rogówki w świetle rozproszonym lub z użyciem filtra kobaltowego (niebieskiego), pacjenta należy pilnie odesłać na ostry dyżur okulistyczny',NULL,'assets/images/diseases/erozja-rogowki.jpg',NULL,NULL,2),(11,3,'Niedrożność naczyń siatkówki','A','nagłe, bezbolesne zaniewidzenie lub znaczne pogorszenie ostrości wzroku, wywiad w kierunku chorób naczyniowych','ocena ostrości wzroku do dali, należy podać 1 tabletkę (500 mg) kwasu acetylosalicylowego, pacjenta należy pilnie odesłać na ostry dyżur okulistyczny',NULL,'assets/images/diseases/zator-tetnicy-srodkowej.jpg','assets/images/diseases/zakrzep-zyly-srodkowej.jpg',NULL,2),(12,3,'Zapalenie tętnicy skroniowej (choroba Hortona)','A','nagłe, bezbolesne zaniewidzenie lub znaczne pogorszenie ostrości wzroku, wywiad w kierunku chorób naczyniowych, bóle mięśniowe, bóle odczuwane podczas żucia, osłabienie i utrata masy ciała,\nschorzenie występuje u osób w wieku powyżej 70. roku życia','ocena ostrości wzroku do dali, badania OB i CRP należy wykonać w trybie pilnym, pacjenta należy pilnie odesłać na ostry dyżur okulistyczny',NULL,NULL,NULL,NULL,2),(13,3,'Przednia niedokrwienna neuropatia nerwu wzrokowego','A','nagłe, bezbolesne zaniewidzenie lub znaczne pogorszenie ostrości wzroku zwykle w godzinach porannych, wywiad w kierunku chorób naczyniowych\n','ocena ostrości wzroku do dali, należy podać 1 tabletkę (500 mg) kwasu acetylosalicylowego, pacjenta należy pilnie odesłać na ostry dyżur okulistyczny\n',NULL,'assets/images/diseases/przednia-niedokrwienna-neuropatia.jpg',NULL,NULL,2),(14,3,'Zapalenie nerwu wzrokowego','A','nagłe zaniewidzenie lub znaczne pogorszenie ostrości wzroku, wrażenie ciemnej centralnej plamy przed okiem, zaburzenia widzenia barw (zwłaszcza czerwonej i zielonej), ból odczuwany podczas ruchów gałki ocznej, możliwe zaburzenia odruchów źrenicznych, wywiad w kierunku chorób ogólnych (stwardnienie rozsiane), schorzenie występuje zwykle u młodych dorosłych','ocena ostrości wzroku do dali, ocena widzenia barw (czerwieni i zieleni), badanie oka w świetle rozproszonym, w tym ocena szerokości źrenicy i jej reakcji na światło, pacjenta należy pilnie odesłać na ostry dyżur okulistyczny',NULL,'assets/images/diseases/zapalenie-wewnatrzgalkowe.jpg',NULL,NULL,2),(15,3,'Odwarstwienie siatkówki','A','nagłe, znaczne pogorszenie ostrości wzroku, często występujące po wysiłku fizycznym lub doznaniu urazu, ograniczenie pola widzenia – wrażenie czarnej zasłony przed okiem, w wywiadzie: błyski i liczne męty przed okiem, wada refrakcji – najczęściej krótkowzroczność (korekcja wady minusowymi soczewkami okularowymi)','ocena ostrości wzroku do dali, konfrontacyjna ocena pola widzenia, pacjenta należy pilnie odesłać na ostry dyżur okulistyczny',NULL,'assets/images/diseases/odwarstwienie-siatkowki.jpg',NULL,NULL,2),(16,3,'Wylew krwi do ciała szklistego','A','nagłe, znaczne pogorszenie ostrości wzroku, w wywiadzie: błyski przed okiem, nagłe pojawienie się ciemnych „pływających” punktów, wywiad w kierunku chorób naczyniowych – cukrzyca!','ocena ostrości wzroku do dali, pacjenta należy pilnie odesłać na ostry dyżur okulistyczny',NULL,'assets/images/diseases/wylew-krwi-do-ciala-szklistego.jpg',NULL,NULL,2),(17,3,'Wylew krwi do plamki żółtej – np. wysiękowa postać AMD','A','nagłe, znaczne pogorszenie ostrości wzroku, wrażenie centralnej białoszarej plamy przed okiem, krzywienie się widzianego obrazu, podczas czytania wrażenie łamania się liter, wywiad w kierunku chorób naczyniowych, schorzenie występuje u osób w wieku podeszłym','ocena ostrości wzroku do dali i bliży, badanie z wykorzystaniem testu Amslera, pacjenta należy pilnie odesłać na ostry dyżur okulistyczny',NULL,'assets/images/diseases/zwyrodnienie-plamki.jpg',NULL,NULL,2),(18,4,'Opadnięcie powiek','A','nagłe opadnięcie powieki górnej, nagłe wystąpienie podwójnego widzenia i zeza, zaburzenia ruchomości gałek ocznych, możliwe pogorszenie ostrości wzroku lub przemijające zaburzenia widzenia, ograniczenie pola widzenia zwykle w obojgu oczach, zaburzenia reakcji źrenic na światło, różna szerokość źrenic obojga oczu, bóle i zawroty głowy, nudności i wymioty\nWywiad w kierunku chorób ogólnych lub urazu','ocena ostrości wzroku do dali, ocena ruchów gałek ocznych i dwojenia, ocena szerokości źrenic i ich reakcji na światło, konfrontacyjna ocena pola widzenia, pacjenta należy pilnie odesłać na ostry dyżur neurologiczny',NULL,'assets/images/diseases/opadniecie-powiek.jpg',NULL,NULL,2),(19,5,'Infekcja wirusowa Herpes-Zoster (półpasiec) lub Herpes simplex (opryszczka)\n','B','zaczerwienienie i obrzęk skóry powiek, rozlany ból powiek i głowy, zaburzenie czucia powierzchownego skóry, charakterystyczne są pęcherzykowate zmiany w obrębie skóry powiek i twarzy, zwykle ostrość wzroku nie jest pogorszona','ocena ostrości wzroku do dali, ocena powierzchni gałki ocznej i powiek w świetle rozproszonym, maść zawierająca acyclovir aplikowana na zmiany skórne 4 x dziennie, oczna maść zawierająca acyclovir aplikowana na zmiany w obrębie powiek oraz do worka spojówkowego 4 x dziennie, doustnie acyclovir w tabletkach a 400 mg lub 800 mg (zależnie od nasilenia zmian) 5 x dziennie,wskazana konsultacja okulistyczna','Jeżeli dojdzie do pogorszenia ostrości wzroku i wzmożonego bólu gałki ocznej, przypadek należy traktować w kategorii A','assets/images/diseases/wirusowe-zapalenie-rogowki.jpg','assets/images/diseases/wirusowe-zapalenie-rogowki-2.jpg',NULL,2),(20,5,'Jęczmień','B','bolesność, obrzęk i zaczerwienienie powieki/ zlokalizowany bolesny guzek w obrębie powieki, ewentualnie ropna wydzielina w worku spojówkowym, ww. objawom nie towarzyszy pogorszenie ostrości wzroku\n','ocena ostrości wzroku do dali, ocena powierzchni gałki ocznej i powiek w świetle rozproszonym, wskazane suche, ciepłe okłady na powiekę, na powiekę i do worka spojówkowego konieczna aplikacja ocznej maści i/lub kropli zawierających antybiotyk i steroid – 4 x dziennie minimum przez 7 dni (po jednej kropli) \n','Jeżeli nie dojdzie do poprawy po 4 dniach terapii, konieczna jest konsultacja okulistyczna\n',NULL,NULL,NULL,2),(21,5,'Gradówka','B','bezbolesny guzek umiejscowiony w obrębie powieki, utrzymujący się od co najmniej kilku tygodni, nie stwierdza się pogorszenia ostrości wzroku\n','ocena ostrości wzroku do dali, ocena powierzchni gałki ocznej i powiek w świetle rozproszonym, na powiekę i do worka spojówkowego konieczna aplikacja ocznej maści i/lub kropli zawierających antybiotyk i steroid – 4 x dziennie minimum przez 7 dni (po jednej kropli) \n','Jeżeli nie dojdzie do poprawy po 4 dniach terapii, konieczna jest konsultacja okulistyczna\n','assets/images/diseases/gradowka.jpg',NULL,NULL,2),(22,5,'Zapalenie woreczka łzowego','B','bolesność, obrzęk i zaczerwienienie powieki dolnej poniżej kąta wewnętrznego lub zlokalizowany bolesny guzek w obrębie powieki dolnej poniżej kąta wewnętrznego, ropna wydzielina w worku spojówkowym, nie stwierdza się pogorszenia ostrości wzroku, w wywiadzie: nawracające stany zapalne lub uraz\n','ocena ostrości wzroku do dali, ocena powierzchni gałki ocznej i powiek w świetle rozproszonym, zaleca się podanie kropli zawierających antybiotyk – 4 x dziennie po 1 kropli przez 7 dni – oraz antybiotyku ogólnie, np. amoksycyliny z kwasem klawulanowym (dorośli 500–875 mg przez 10 dni)\n',NULL,NULL,NULL,NULL,2),(23,5,'Przedprzegrodowe zapalenie tkanek oczodołu','B','bolesny obrzęk i zaczerwienienie powiek, zwiększone ucieplenie oraz napięcie skóry skóry powiek, ból gałki ocznej, pogorszenie ostrości wzroku, dwojenie, znaczne trudności w otwieraniu powiek lub brak możliwości otwarcia powiek, wywiad w kierunku urazu, infekcji górnych dróg oddechowych (zatoki przynosowe) lub ucha środkowego, schorzenie zwykle występuje u dzieci i młodych dorosłych\n','ocena ostrości wzroku do dali, ocena powierzchni gałki ocznej i powiek w świetle rozproszonym, ocena ruchomości gałek ocznych\n','Jeżeli dojdzie do zaburzenia ruchomości, a także dwojenia i wytrzeszczu, przypadek należy traktować w kategorii A Zaleca się podanie antybiotyku ogólnie, np. amoksycyliny z kwasem klawulanowym (dorośli 500–875 mg przez 10 dni)\n','assets/images/diseases/przedprzegrodowe-zapalenie-tkanek-oczodolu.jpg',NULL,NULL,2),(24,5,'Alergiczne zapalenie tkanek oczodołu','B','ciastowaty obrzęk i zaczerwienienie powiek, dyskomfort, pieczenie, uczucie ciała obcego, swędzenie oczu i powiek,przekrwienie gałki ocznej, światłowstręt, łzawienie, Wywiad w kierunku alergii, uczucie przepełnionej gałki ocznej (obrzęk spojówek)\n','ocena ostrości wzroku do dali, ocena powierzchni gałki ocznej i powiek w świetle rozproszonym, zaleca się podanie leków przeciwalergicznych ogólnie oraz podanie ocznej maści zawierającej steroid na zmienioną skórę powiek i preparatu antyhistaminowego w kroplach (nowej generacji) 2 x dziennie po 1 kropli do worka spojówkowego\n',NULL,'assets/images/diseases/alergiczny-obrzek-powiek.jpg',NULL,NULL,2),(25,6,'Wytrzesz','B','asymetria szerokości szpar powiekowych, wywiad w kierunku urazu i chorób ogólnych, np. chorób tarczycy i nowotworów,uczucie przepełnionej gałki ocznej, mogą wystąpić: przekrwienie gałki ocznej, zaburzenia ruchomości gałek ocznych – zez, dwojenie, widzenie jest pogorszone\n','ocena ostrości wzroku do dali, ocena powierzchni oka i powiek w świetle rozproszonym, ocena ruchomości gałek ocznych \n','Jeżeli początek objawów jest nagły, przypadek należy traktować w kategorii A\n','assets/images/diseases/wytrzeszcz.jpg',NULL,NULL,2),(26,7,'Dwojenie obrazu','B','zez, zaburzenia ruchomości gałek ocznych, może dojść do wytrzeszczu i opadnięcia powieki górnej, wywiad w kierunku urazu, chorób tarczycy, cukrzycy, nadciśnienia tętniczego','ocena ostrości wzroku do dali, ocena ruchomości gałek ocznych i dwojenia ocena reakcji źrenic na światło','Jeżeli początek objawów jest nagły, przypadek należy traktować w kategorii A',NULL,NULL,NULL,2),(27,8,'Powieki i powierzchnia oka','B','niegojące się owrzodzenia, nawracające gradówki, powiększające się zmiany rozrostowe w obrębie skóry powiek, przewlekły obrzęk spojówek, nieprawidłowe ustawienie brzegu powiek, może dojść do opadnięcia powieki górnej','ocena ostrości wzroku do dali, ocena powierzchni oka i powiek w świetle rozproszonym, ocena refleksu z dna oka, ocena ruchomości gałek ocznych, konfrontacyjna ocena pola widzenia, zalecana jest konsultacja okulistyczna i neurologiczna!',NULL,'assets/images/diseases/guz-powieki-dolnej.jpg','assets/images/diseases/niegojace-sie-owrzodzenie-powieki-dolnej.jpg',NULL,2),(28,8,'Gałka oczna','B','zmiana rozrostowa na powierzchni gałki ocznej, zmiana kształtu źrenicy, utrata różowego refleksu z dna oka, „biała źrenica”, ww. objawom towarzyszy pogorszenie ostrości wzroku, może dojść do opadnięcia powieki górnej, może być odczuwalny ból oka','ocena ostrości wzroku do dali, ocena powierzchni oka i powiek w świetle rozproszonym, ocena refleksu z dna oka, ocena ruchomości gałek ocznych, konfrontacyjna ocena pola widzenia, zalecana jest konsultacja okulistyczna i neurologiczna!',NULL,'assets/images/diseases/guz-rogowki.jpg','assets/images/diseases/znamie-teczowki.jpg',NULL,2),(29,8,'Droga wzrokowa w odcinku pozagałkowym, zmiany w OUN','B','pogorszenie ostrości wzroku, mogą wystąpić: wytrzeszcz, zez i dwojenie, zaburzenia reakcji źrenic na światło, pole widzenia może być ograniczone zarówno w jednym oku, jak i w obojgu oczach, zaburzenie równowagi, bóle głowy, nudności, wymioty – typowo w godzinach porannych','ocena ostrości wzroku do dali, ocena powierzchni oka i powiek w świetle rozproszonym, ocena refleksu z dna oka, ocena ruchomości gałek ocznych, konfrontacyjna ocena pola widzenia, zalecana jest konsultacja okulistyczna i neurologiczna!',NULL,NULL,NULL,NULL,2),(30,9,'Wady refrakcji','C','stopniowe, bezbolesne, pogorszenie ostrości wzroku do dali lub/i bliży, mrużenie oczu w celu poprawy widzenia, bóle głowy i gałek ocznych','ocena ostrości wzroku do dali i bliży, zaleca się konsultację okulistyczną',NULL,NULL,NULL,NULL,2),(31,9,'Sucha postać AMD','C','stopniowe, bezbolesne, powolne pogorszenie ostrości wzroku zwłaszcza do bliży, krzywienie się obrazu: podczas czytania łamanie się linii, „przeskakiwanie” i znikanie liter, wrażenie centralnej białej plamy przed okiem','ocena ostrości wzroku do dali i bliży, ocena krzywienia się obrazu za pomocą testu Amslera, zaleca się suplementację diety luteiną, a także konsultację okulistyczną',NULL,'assets/images/diseases/zwyrodnienie-plamki-postac-sucha.jpg','assets/images/diseases/zwyrodnienie-plamki-postac-sucha-2.jpg',NULL,2),(32,9,'Zaćma','C','stopniowe, bezbolesne, powolne pogorszenie ostrości wzroku zwłaszcza do dali, wrażenie „mgły” przed okiem, zmiana wady refrakcji w kierunku krótkowzroczności, wywiad w kierunku cukrzycy i ogólnej steroidoterapii, zwykle schorzenie występuje u osób w wieku powyżej 60. roku życia','ocena ostrości wzroku do dali i bliży, zalecana jest konsultacja okulistyczna',NULL,'assets/images/diseases/zacma-korowa.jpg','assets/images/diseases/zacma-brunatna.jpg',NULL,2),(33,9,'Jaskra','C','wywiad rodzinny w kierunku jaskry, naczyniowe czynniki ryzyka wystąpienia jaskry to: niskie ciśnienie tętnicze, nadciśnienie tętnicze, objaw Raynauda i migreny, okresowe bóle gałek ocznych i głowy – odczuwane zwłaszcza w ciemnych pomieszczeniach, okresowo pojawiające się zjawisko „halo” wokół źródeł światła, wady refrakcji – wysoka nadwzroczność, wysoka krótkowzroczność, choroba występuje zwykle u osób w wieku powyżej 40. roku życia','ocena ostrości wzroku do dali, palpacyjna ocena ciśnienia wewnątrzgałkowego, badanie gałki ocznej w świetle rozproszonym, w tym ocena szerokości źrenicy i jej reakcji na światło, zaleca się konsultację okulistyczną','Jeżeli pacjent zgłasza okresowe bóle gałek ocznych i głowy – zwłaszcza odczuwalne w ciemnych pomieszczeniach, i pojawienie się zjawiska „halo” wokół źródeł światła, a ponadto ma wysoką nadwzroczność, przypadek należy traktować w kategorii B\nUwaga! Zwykle w początkowym okresie choroby jej przebieg\njest bezobjawowy',NULL,NULL,NULL,2),(34,10,'Wirusowe zapalenie spojówek','C','dyskomfort – pieczenie, ból, uczucie ciała obcego, przekrwienie gałki ocznej, światłowstręt, łzawienie, surowicza wydzielina, Wywiad w kierunku infekcji górnych dróg oddechowych, obrzęk i zaczerwienienie powiek, dolegliwości występują nagle','ocena ostrości wzroku do dali, zaleca się zdjęcie soczewek kontaktowych z obojga oczu i ich zabezpieczenie do ewentualnych badań bakteriologicznych, ocena powierzchni gałki ocznej i powiek w świetle rozproszonym, zaleca się podanie kropli zawierających antybiotyk 4 x dziennie po 1 kropli przez 7 dni','Jeżeli po 4 dniach przyjmowania leku nie dojdzie do poprawy, konieczna jest konsultacja okulistyczna, a przypadek należy traktować w kategorii B','assets/images/diseases/wirusowe-emidemiczne-zapalenie-spojowek.jpg',NULL,NULL,2),(35,10,'Bakteryjne zapalenie spojówek','C','dyskomfort – pieczenie, ból, uczucie ciała obcego, przekrwienie gałki ocznej, światłowstręt, łzawienie, wywiad w kierunku infekcji górnych dróg oddechowych oraz użytkowania soczewek kontaktowych, ropna wydzielina w worku spojówkowym i na rzęsach, dolegliwości występują nagle','ocena ostrości wzroku do dali, zaleca się zdjęcie soczewek kontaktowych z obojga oczu i ich zabezpieczenie do ewentualnych badań bakteriologicznych, ocena powierzchni oka i powiek w świetle rozproszonym, zaleca się płukanie gałki ocznej solą fizjologiczną, a następnie wpuszczenie kropli zawierających antybiotyk – 4 x dziennie po 1 kropli przez 7 dni,','Jeżeli po 4 dniach przyjmowania leku nie dojdzie do poprawy, konieczna jest konsultacja okulistyczna, a przypadek należy traktować w kategorii B','assets/images/diseases/bakteryjne-zapalenie-spojowek.jpg',NULL,NULL,2),(36,10,'Alergiczne zapalenie spojówek','C','dyskomfort – pieczenie, uczucie ciała obcego, swędzenie oczu i powiek, przekrwienie gałki ocznej, światłowstręt, łzawienie, wywiad w kierunku alergii, uczucie przepełnionej gałki ocznej (obrzęk spojówek), obrzęk i zaczerwienienie powiek','ocena ostrości wzroku do dali, zaleca się zdjęcie soczewek kontaktowych z obojga oczu i ich zabezpieczenie do ewentualnych badań bakteriologicznych, ocena powierzchni gałki ocznej i powiek w świetle rozproszonym, zaleca się podanie: preparatu antyhistaminowego w kroplach (nowej generacji) 2 x dziennie po 1 kropli, ogólnie działających leków przeciwalergicznych, preparatów sztucznych łez, które nie zawierają konserwantów, 4 x dziennie po 1 kropli','Jeżeli po 4 dniach przyjmowania leku nie dojdzie do poprawy, konieczna jest konsultacja okulistyczna, a przypadek należy traktować w kategorii B','assets/images/diseases/alergiczne-zapalenie-spojowek.jpg',NULL,NULL,2),(37,10,'Wylew podspojówkowy','C','zaczerwienienie powierzchni gałki ocznej, wylew krwi w obrębie spojówki, uczucie dyskomfortu w oku, w wywiadzie: wysiłek fizyczny, parcie, np. w czasie defekacji lub porodu, nagłe wahania ciśnienia tętniczego, wywiad w kierunku chorób naczyniowych takich jak nadciśnienie tętnicze i cukrzyca, zaburzenia rytmu pracy mięśnia sercowego, a także przyjmowania leków rozrzedzających krew','ocena ostrości wzroku do dali i bliży, kontrola ciśnienia tętniczego, badanie EKG, określenie stężenia glukozy we krwi, zaleca się podanie leków uszczelniających naczynia krwionośne','Jeśli pacjent zgłasza pogorszenie ostrości wzroku lub zaburzenia w polu widzenia, konieczna jest konsultacja okulistyczna, a przypadek należy traktować w kategorii B','assets/images/diseases/wylew-podspojowkowy.jpg',NULL,NULL,2),(38,11,'Zespół suchego oka','C','pieczenie, łzawienie, uczucie suchości i piasku pod powiekami, światłowstręt, przemijające pogorszenie widzenia, niewielkie zaczerwienienie gałek ocznych, wywiad w kierunku pracy wzrokowej (pracy przy monitorze i w warunkach klimatyzacji) i użytkowania soczewek kontaktowych, a także chorób ogólnych takich jak cukrzyca, choroby reumatyczne, choroby tarczycy i choroby z autoagresji, leki przyjmowane ogólnie (b-blokery, diuretyki i leki hormonalne)','ocena ostrości wzroku do dali i bliży, ocena powierzchni gałki ocznej i powiek w świetle rozproszonym, zaleca się podanie preparatów sztucznych łez, które nie zawierają konserwantów – 4–5 x dziennie po 1 kropli',NULL,'assets/images/diseases/zespol-suchego-oka.jpg',NULL,NULL,2),(39,11,'Zaburzenia drożności dróg łzowych','C','łzawienie, pieczenie, niewielkie zaczerwienienie gałek ocznych, przewlekłe nawracające zapalenia spojówek','ocena ostrości wzroku do dali, ocena powierzchni gałki ocznej i powiek w świetle rozproszonym, należy podać 1–2 krople fluoresceiny do worka spojówkowego, ocena przechodzenia fluoresceiny przez drogi łzowe (po około 2 minutach żółte zabarwienie wydzieliny w nosie), zaleca się podanie preparatów sztucznych łez, które nie zawierają konserwantów – 4 – 5 x dziennie po 1 kropli, konieczna jest konsultacja okulistyczna i ewentualnie kwalifikacja do zabiegu udrożnienia dróg łzowych',NULL,NULL,NULL,NULL,2),(40,11,'Przewlekłe zapalenia brzegów powieki spojówek','C','łzawienie, pieczenie, niewielkie zaczerwienienie gałek ocznych, przewlekłe nawracające zapalenia spojówek, zaczerwienienie, pogrubienie brzegów powiek, charakterystyczne jest nasilenie dolegliwości w godzinach rannych, wywiad w kierunku pracy wzrokowej (pracy przy monitorze i w warunkach klimatyzacji)','ocena ostrości wzroku do dali, ocena powierzchni gałki ocznej i powiek w świetle rozproszonym, zaleca się: higienę brzegów powiek, rozgrzewające masaże powiek i stosowanie preparatów sztucznych łez, które nie zawierają konserwantów – 4–5 x dziennie po 1 kropli, w czasie zaostrzenia objawów natomiast – krople i/lub maść zawierające antybiotyk lub antybiotyk i steroid (dawkowanie zależne od nasilenia procesu)',NULL,'assets/images/diseases/przewlekle-zapalenie-brzegow-powiek.jpg',NULL,NULL,2),(41,12,'Zaburzenia ciała szklistego','C','pojawiające się w polu widzenia ciemne, pływające punkty o różnych kształtach, w wywiadzie możliwe błyski przed okiem, często wada refrakcji – krótkowzroczność (soczewki okularowe minusowe)','ocena ostrości wzroku do dali, zalecenie planowej konsultacji okulistycznej','Nagłe pojawienie się dużej ilości mętów i objaw „sadzy” uwidoczniony w polu widzenia z towarzyszącymi mu błyskawicami od skroni wskazują, że przypadek należy traktować w kategorii A',NULL,NULL,NULL,2);
/*!40000 ALTER TABLE `disease` ENABLE KEYS */;
UNLOCK TABLES;

--
-- Table structure for table `disease_category`
--

DROP TABLE IF EXISTS `disease_category`;
/*!40101 SET @saved_cs_client     = @@character_set_client */;
/*!40101 SET character_set_client = utf8 */;
CREATE TABLE `disease_category` (
  `id` int(11) NOT NULL AUTO_INCREMENT,
  `name` varchar(255) COLLATE utf8_unicode_ci NOT NULL,
  `hash` varchar(255) COLLATE utf8_unicode_ci NOT NULL,
  PRIMARY KEY (`id`)
) ENGINE=InnoDB AUTO_INCREMENT=13 DEFAULT CHARSET=utf8 COLLATE=utf8_unicode_ci;
/*!40101 SET character_set_client = @saved_cs_client */;

--
-- Dumping data for table `disease_category`
--

LOCK TABLES `disease_category` WRITE;
/*!40000 ALTER TABLE `disease_category` DISABLE KEYS */;
INSERT INTO `disease_category` VALUES (1,'Urazy','injured'),(2,'Bolesne „czerwone oko” i jednoczesne pogorszenie ostrości wzroku','red_eye'),(3,'Nagłe pogorszenie ostrości wzroku bez objawów „czerwonego oka”','without_red_eye'),(4,'Objawy okulistyczne sugerujące nagły stan neurologiczny','neurological'),(5,'Obrzęki powiek','eye_lid'),(6,'Wytrzesz','eye_blow'),(7,'Dwojenie obrazu','duble_screen'),(8,'Schorzenia, których objawy wymagają różnicowania z chorobami nowotworowymi','canser'),(9,'Stopniowe pogorszenie ostrości wzroku','eye_bad'),(10,'„Czerwone oko” bez jednoczesnego pogorszenia ostrości wzroku','red_eye_c'),(11,'Łzawienie','lachrymation'),(12,'Zaburzenia widzenia, które nie mają wpływu na ostrość wzroku','eye_bad_sharp');
/*!40000 ALTER TABLE `disease_category` ENABLE KEYS */;
UNLOCK TABLES;

--
-- Table structure for table `patient_category`
--

DROP TABLE IF EXISTS `patient_category`;
/*!40101 SET @saved_cs_client     = @@character_set_client */;
/*!40101 SET character_set_client = utf8 */;
CREATE TABLE `patient_category` (
  `id` int(11) NOT NULL AUTO_INCREMENT,
  `name` varchar(255) COLLATE utf8_unicode_ci NOT NULL,
  `hash` varchar(255) COLLATE utf8_unicode_ci NOT NULL,
  PRIMARY KEY (`id`)
) ENGINE=InnoDB AUTO_INCREMENT=3 DEFAULT CHARSET=utf8 COLLATE=utf8_unicode_ci;
/*!40101 SET character_set_client = @saved_cs_client */;

--
-- Dumping data for table `patient_category`
--

LOCK TABLES `patient_category` WRITE;
/*!40000 ALTER TABLE `patient_category` DISABLE KEYS */;
INSERT INTO `patient_category` VALUES (1,'Dziecko','child'),(2,'Dorosły','adult');
/*!40000 ALTER TABLE `patient_category` ENABLE KEYS */;
UNLOCK TABLES;

--
-- Dumping routines for database 'poradnia'
--
/*!40103 SET TIME_ZONE=@OLD_TIME_ZONE */;

/*!40101 SET SQL_MODE=@OLD_SQL_MODE */;
/*!40014 SET FOREIGN_KEY_CHECKS=@OLD_FOREIGN_KEY_CHECKS */;
/*!40014 SET UNIQUE_CHECKS=@OLD_UNIQUE_CHECKS */;
/*!40101 SET CHARACTER_SET_CLIENT=@OLD_CHARACTER_SET_CLIENT */;
/*!40101 SET CHARACTER_SET_RESULTS=@OLD_CHARACTER_SET_RESULTS */;
/*!40101 SET COLLATION_CONNECTION=@OLD_COLLATION_CONNECTION */;
/*!40111 SET SQL_NOTES=@OLD_SQL_NOTES */;

-- Dump completed on 2016-03-31 19:19:44
